Workbook

Sheet PROJE_OZETI
A1: KARAKTER PROJESİ — YÖNETİM VE DEVAM DOSYASI
A2: Sürüm: V1 / 56 kart • Son kontrol: 23.09.2026 • Bu sayfa dosyanın başlangıç noktasıdır.
A4: Toplam Karakter | B4: =COUNTA(Tum_Karakterler_311!A2:A312) -> 311 | C4: V1 Kart | D4: =COUNTA(V1_Kadro_56!A5:A60) -> 56 | E4: Hazır Görsel | F4: =COUNTIF(V1_Kadro_56!F5:F60,"Hazır") -> 56 | G4: Üretilecek Görsel | H4: =COUNTIF(V1_Kadro_56!F5:F60,"Üretilecek") -> 0
A6: DOSYAYI NASIL KULLANMALIYIZ?
A7: 1 | B7: Ana veri kaynağı | D7: Tum_Karakterler_311 tüm 311 karakter için tek doğruluk kaynağıdır. Karakter bilgilerini önce burada güncelleyin.
A8: 2 | B8: V1 kararı | D8: V1_Kadro_56 yalnızca onaylı 56 kartı içerir. Kadro değişirse denge ve üretim listelerini yeniden kontrol edin.
A9: 3 | B9: Sınıf sekmeleri | D9: Destek, Ninja, Tank, Büyücü ve Savaşçı sekmeleri aynadır. Ana sayfadaki değişiklikleri aynı ID satırına senkronlayın.
A10: 4 | B10: Görsel üretimi | D10: V1_Uretilecek_14 lansman öncesi açık görsel işleridir. Takip Durumu sütununu ekip güncelleyebilir.
A11: 5 | B11: Teknik geçmiş | D11: Gizli teknik sekmeler karar geçmişini korur; günlük kullanım için gerekli değildir. Gerektiğinde gösterilebilir.
A12: 6 | B12: Bilgi | D12: Her karakterin %2 kritik vuruş şansı vardır
A13: V1 ONAY ÖZETİ
A14: Nadirlik planı | B14: 20 Yaygın • 16 Nadir • 10 Ender • 5 Efsanevi • 5 Multi | G14: Onaylı
A15: Sınıf planı | B15: Destek 11 • Ninja 11 • Tank 11 • Büyücü 11 • Savaşçı 12 | G15: Onaylı
A16: Irk sözlüğü | B16: 14 ana ırk; element, meslek ve unvanlar ana ırk değildir. | G16: Onaylı
A17: Görsel durumu | B17: 42 hazır • 14 üretilecek • V1’de hafif düzenleme veya çakışmalı görsel yok. | G17: 14 açık iş
A18: Hikâye limiti | B18: 311 hikâye dolu; ID 192 düzeltildi ve 130 karaktere indirildi. | G18: Uygun
A20: BİLİNEN NOTLAR VE GÜVENLİ DEVAM KURALLARI
A21: • Kara_Pence adı iki ayrı karakterde bulunur (ID 104 ve ID 264). Otomatik birleştirmeyin; ID anahtardır.
A22: • ID 135 için tam görsel yenileme kararı vardır; V1 kadrosunda olmadığı için lansman engeli değildir.
A23: • Yeni ırk eklemeyin. Ana ırk değerleri yalnızca Irk_Sozlugu sayfasındaki 14 değerden biri olmalıdır.
A24: • Bu dosyada eski 54 kartlık V1 planı kaldırılmıştır; yalnızca V1_Kadro_56 günceldir.
A26: HIZLI SAYFA REHBERİ
A27: V1_Kadro_56 | D27: Onaylı 56 kart | E27: V1_Uretilecek_14 | H27: Görsel backlog
A28: V1_Sinif_Nadirlik | D28: Denge matrisi | E28: Gorsel_Durum_311 | H28: Tüm görsel denetimi
A29: Irk_Sozlugu | D29: 14 ırk kuralı | E29: Tum_Karakterler_311 | H29: 311 ana kayıt
A30: QA_KONTROL | D30: Canlı kalite kontrolleri | E30: KAYNAK_VE_KURALLAR | H30: Ekip çalışma sözlüğü

Sheet V1_Kadro_56
A1: V1 KADROSU — 56 KART
A2: Onaylı ve dengeli lansman kadrosu • Filtreleri kullanın • Kadro kararı değişirse denge sayfalarını kontrol edin
A4: ID | B4: Karakter | C4: Sınıf | D4: Nadirlik | E4: Irk | F4: Görsel Durumu | G4: Görsel Sayısı | H4: Görsel Dosyaları | I4: Karar Güveni | J4: V1 Notu
A5: 188 | B5: Ates_Ciragi | C5: Büyücü | D5: Yaygın | E5: İnsan | F5: Hazır | G5: 3 | H5: ATES CIRAGI.jpg | ATES_CIRAGI_erkek.jpg | ATES_CIRAGI_KIZ.jpg | I5: Onaylı | J5: Mevcut görselle V1’e hazır.
A6: 189 | B6: Buz_Ogrencisi | C6: Büyücü | D6: Yaygın | E6: İnsan | F6: Hazır | G6: 2 | H6: BUZ OGRENCISI.jpg | BUZ_OGRENCISI_KIZ.jpg | I6: Onaylı | J6: Mevcut görselle V1’e hazır.
A7: 192 | B7: Kita_Buyucusu | C7: Büyücü | D7: Yaygın | E7: İnsan | F7: Hazır | G7: 1 | H7: Kita_Buyucusu.jpg | I7: Onaylı | J7: Mevcut görselle V1’e hazır.
A8: 217 | B8: Galaktik_Bilgisi | C8: Büyücü | D8: Yaygın | E8: Astral | F8: Hazır | G8: 1 | H8: Galaktik_Bilgisi.png | I8: Onaylı | J8: Mevcut görselle V1’e hazır.
A9: 1 | B9: CIRAK_SIFACI | C9: Destek | D9: Yaygın | E9: İnsan | F9: Hazır | G9: 1 | H9: CIRAK SIFACI.png | I9: Onaylı | J9: Mevcut görselle V1’e hazır.
A10: 2 | B10: RUH_BEKCISI | C10: Destek | D10: Yaygın | E10: İnsan | F10: Hazır | G10: 1 | H10: RUH BEKCISI.png | I10: Onaylı | J10: Mevcut görselle V1’e hazır.
A11: 8 | B11: Sonsuz_Sifaci | C11: Destek | D11: Yaygın | E11: Ölümsüz | F11: Hazır | G11: 1 | H11: Sonsuz Sifaci.png | I11: Onaylı | J11: Mevcut görselle V1’e hazır.
A12: 17 | B12: Evren_Sifacisi | C12: Destek | D12: Yaygın | E12: Astral | F12: Hazır | G12: 1 | H12: Evren Sifacisi.png | I12: Onaylı | J12: Mevcut görselle V1’e hazır.
A13: 64 | B13: Golge_Cirag | C13: Ninja | D13: Yaygın | E13: Gölge | F13: Hazır | G13: 1 | H13: Gölge Çırağı - Gölge.jpg | I13: Onaylı | J13: Mevcut görselle V1’e hazır.
A14: 67 | B14: Golgelerin_Ustasi | C14: Ninja | D14: Yaygın | E14: Gölge | F14: Hazır | G14: 1 | H14: Gölgelerin Ustası - Gölge.jpg | I14: Onaylı | J14: Mevcut görselle V1’e hazır.
A15: 70 | B15: Nightmare_Karabasan | C15: Ninja | D15: Yaygın | E15: Gölge | F15: Hazır | G15: 1 | H15: Karabasan - Gölge.jpg | I15: Onaylı | J15: Mevcut görselle V1’e hazır.
A16: 71 | B16: Gizli_Yikici | C16: Ninja | D16: Yaygın | E16: Cüce | F16: Hazır | G16: 1 | H16: Gizli Yıkıcı - Cüce.jpg | I16: Onaylı | J16: Mevcut görselle V1’e hazır.
... A60: 311 | B60: Kaos_Sampiyonu | C60: Savaşçı | D60: Multi | E60: Astral | F60: Hazır | G60: 0 | H60: — | I60: Onaylı | J60: Yeni görsel V1 öncesi üretilmeli.

Sheet V1_Uretilecek_14
A1: V1 GÖRSEL ÜRETİM LİSTESİ — 14
A2: Bu listedeki işler V1 lansmanının tek açık görsel üretim backlog’udur.
A4: Sıra | B4: ID | C4: Karakter | D4: Sınıf | E4: Nadirlik | F4: Irk | G4: İş | H4: V1 Engeli | I4: Takip Durumu
A5: 1 | B5: 282 | C5: ALEV_KILICI | D5: Savaşçı | E5: Nadir | F5: Canavar | G5: Yeni görsel üret | H5: Evet | I5: Bekliyor
A6: 2 | B6: 283 | C6: FIRTINA_DOVUSCUSU | D6: Savaşçı | E6: Nadir | F6: Canavar | G6: Yeni görsel üret | H6: Evet | I6: Bekliyor
A7: 3 | B7: 285 | C7: Simsek_Dovuscusu | D7: Savaşçı | E7: Nadir | F7: Mutant | G7: Yeni görsel üret | H7: Evet | I7: Bekliyor
A8: 4 | B8: 286 | C8: Buyuk_Celik_Lordu | D8: Savaşçı | E8: Nadir | F8: Dev | G8: Yeni görsel üret | H8: Evet | I8: Bekliyor
A9: 5 | B9: 112 | C9: RUH_BICICI | D9: Ninja | E9: Ender | F9: Ölümsüz | G9: Yeni görsel üret | H9: Evet | I9: Bekliyor
A10: 6 | B10: 117 | C10: Sonsuz_Pence | D10: Ninja | E10: Ender | F10: Böceksırt | G10: Yeni görsel üret | H10: Evet | I10: Bekliyor
A11: 7 | B11: 298 | C11: KARA_SOVALYE | D11: Savaşçı | E11: Ender | F11: Dev | G11: Yeni görsel üret | H11: Evet | I11: Bekliyor
A12: 8 | B12: 302 | C12: Firtina_Aslani | D12: Savaşçı | E12: Ender | F12: Canavar | G12: Yeni görsel üret | H12: Evet | I12: Bekliyor
A13: 9 | B13: 57 | C13: KADIM_SIFACI | D13: Destek | E13: Efsanevi | F13: Mutant | G13: Yeni görsel üret | H13: Evet | I13: Bekliyor
A14: 10 | B14: 120 | C14: GOLGE_LORDU | D14: Ninja | E14: Efsanevi | F14: Gölge | G14: Yeni görsel üret | H14: Evet | I14: Bekliyor
A15: 11 | B15: 306 | C15: ZAFER_MELEGI | D15: Savaşçı | E15: Efsanevi | F15: Melek | G15: Yeni görsel üret | H15: Evet | I15: Bekliyor
A16: 12 | B16: 61 | C16: IYILESTIRME_TANRISI | D16: Destek | E16: Multi | F16: Tanrısal | G16: Yeni görsel üret | H16: Evet | I16: Bekliyor
... A18: 14 | B18: 311 | C18: KAOS_SAMPIYONU | D18: Savaşçı | E18: Multi | F18: Astral | G18: Yeni görsel üret | H18: Evet | I18: Bekliyor

Sheet V1_Sinif_Nadirlik
A1: V1 SINIF × NADİRLİK DENGESİ
A2: Matematiksel olarak mümkün olan en yakın denge: 56 kart / 5 sınıf.
A4: Sınıf | B4: Yaygın | C4: Nadir | D4: Ender | E4: Efsanevi | F4: Multi | G4: Toplam
A5: Destek | B5: =COUNTIFS(V1_Kadro_56!$C$5:$C$60,$A5,V1_Kadro_56!$D$5:$D$60,B$4) -> 4 | C5: =COUNTIFS(V1_Kadro_56!$C$5:$C$60,$A5,V1_Kadro_56!$D$5:$D$60,C$4) -> 3 | D5: =COUNTIFS(V1_Kadro_56!$C$5:$C$60,$A5,V1_Kadro_56!$D$5:$D$60,D$4) -> 2 | E5: =COUNTIFS(V1_Kadro_56!$C$5:$C$60,$A5,V1_Kadro_56!$D$5:$D$60,E$4) -> 1 | F5: =COUNTIFS(V1_Kadro_56!$C$5:$C$60,$A5,V1_Kadro_56!$D$5:$D$60,F$4) -> 1 | G5: =SUM(B5:F5) -> 11
A6: Ninja | B6: =COUNTIFS(V1_Kadro_56!$C$5:$C$60,$A6,V1_Kadro_56!$D$5:$D$60,B$4) -> 4 | C6: =COUNTIFS(V1_Kadro_56!$C$5:$C$60,$A6,V1_Kadro_56!$D$5:$D$60,C$4) -> 3 | D6: =COUNTIFS(V1_Kadro_56!$C$5:$C$60,$A6,V1_Kadro_56!$D$5:$D$60,D$4) -> 2 | E6: =COUNTIFS(V1_Kadro_56!$C$5:$C$60,$A6,V1_Kadro_56!$D$5:$D$60,E$4) -> 1 | F6: =COUNTIFS(V1_Kadro_56!$C$5:$C$60,$A6,V1_Kadro_56!$D$5:$D$60,F$4) -> 1 | G6: =SUM(B6:F6) -> 11
A7: Tank | B7: =COUNTIFS(V1_Kadro_56!$C$5:$C$60,$A7,V1_Kadro_56!$D$5:$D$60,B$4) -> 4 | C7: =COUNTIFS(V1_Kadro_56!$C$5:$C$60,$A7,V1_Kadro_56!$D$5:$D$60,C$4) -> 3 | D7: =COUNTIFS(V1_Kadro_56!$C$5:$C$60,$A7,V1_Kadro_56!$D$5:$D$60,D$4) -> 2 | E7: =COUNTIFS(V1_Kadro_56!$C$5:$C$60,$A7,V1_Kadro_56!$D$5:$D$60,E$4) -> 1 | F7: =COUNTIFS(V1_Kadro_56!$C$5:$C$60,$A7,V1_Kadro_56!$D$5:$D$60,F$4) -> 1 | G7: =SUM(B7:F7) -> 11
A8: Büyücü | B8: =COUNTIFS(V1_Kadro_56!$C$5:$C$60,$A8,V1_Kadro_56!$D$5:$D$60,B$4) -> 4 | C8: =COUNTIFS(V1_Kadro_56!$C$5:$C$60,$A8,V1_Kadro_56!$D$5:$D$60,C$4) -> 3 | D8: =COUNTIFS(V1_Kadro_56!$C$5:$C$60,$A8,V1_Kadro_56!$D$5:$D$60,D$4) -> 2 | E8: =COUNTIFS(V1_Kadro_56!$C$5:$C$60,$A8,V1_Kadro_56!$D$5:$D$60,E$4) -> 1 | F8: =COUNTIFS(V1_Kadro_56!$C$5:$C$60,$A8,V1_Kadro_56!$D$5:$D$60,F$4) -> 1 | G8: =SUM(B8:F8) -> 11
A9: Savaşçı | B9: =COUNTIFS(V1_Kadro_56!$C$5:$C$60,$A9,V1_Kadro_56!$D$5:$D$60,B$4) -> 4 | C9: =COUNTIFS(V1_Kadro_56!$C$5:$C$60,$A9,V1_Kadro_56!$D$5:$D$60,C$4) -> 4 | D9: =COUNTIFS(V1_Kadro_56!$C$5:$C$60,$A9,V1_Kadro_56!$D$5:$D$60,D$4) -> 2 | E9: =COUNTIFS(V1_Kadro_56!$C$5:$C$60,$A9,V1_Kadro_56!$D$5:$D$60,E$4) -> 1 | F9: =COUNTIFS(V1_Kadro_56!$C$5:$C$60,$A9,V1_Kadro_56!$D$5:$D$60,F$4) -> 1 | G9: =SUM(B9:F9) -> 12
A10: Toplam | B10: =SUM(B5:B9) -> 20 | C10: =SUM(C5:C9) -> 16 | D10: =SUM(D5:D9) -> 10 | E10: =SUM(E5:E9) -> 5 | F10: =SUM(F5:F9) -> 5 | G10: =SUM(G5:G9) -> 56
A12: ONAYLI KOTALAR
A13: Nadirlik | B13: Destek | C13: Ninja | D13: Tank | E13: Büyücü | F13: Savaşçı | G13: Toplam
A14: Yaygın | B14: 4 | C14: 4 | D14: 4 | E14: 4 | F14: 4 | G14: 20
A15: Nadir | B15: 3 | C15: 3 | D15: 3 | E15: 3 | F15: 4 | G15: 16
A16: Ender | B16: 2 | C16: 2 | D16: 2 | E16: 2 | F16: 2 | G16: 10
A17: Efsanevi | B17: 1 | C17: 1 | D17: 1 | E17: 1 | F17: 1 | G17: 5
A18: Multi | B18: 1 | C18: 1 | D18: 1 | E18: 1 | F18: 1 | G18: 5

Sheet V1_Sinif_Irk
A1: V1 SINIF × IRK DAĞILIMI
A2: V1 kadrosundaki ırksal çeşitliliğin sınıflara dağılımı.
A4: Sınıf | B4: İnsan | C4: Elf | D4: Cüce | E4: Ejdersoy | F4: Gölge | G4: Astral | H4: Mutant | I4: Tanrısal | J4: Sürüngensoy | K4: Böceksırt | L4: Canavar | M4: Ölümsüz | N4: Melek | O4: Dev | P4: Toplam
A5: Destek | B5: =COUNTIFS(V1_Kadro_56!$C$5:$C$60,$A5,V1_Kadro_56!$E$5:$E$60,B$4) -> 3 | C5: =COUNTIFS(V1_Kadro_56!$C$5:$C$60,$A5,V1_Kadro_56!$E$5:$E$60,C$4) -> 2 | D5: =COUNTIFS(V1_Kadro_56!$C$5:$C$60,$A5,V1_Kadro_56!$E$5:$E$60,D$4) -> 0 | E5: =COUNTIFS(V1_Kadro_56!$C$5:$C$60,$A5,V1_Kadro_56!$E$5:$E$60,E$4) -> 0 | F5: =COUNTIFS(V1_Kadro_56!$C$5:$C$60,$A5,V1_Kadro_56!$E$5:$E$60,F$4) -> 0 | G5: =COUNTIFS(V1_Kadro_56!$C$5:$C$60,$A5,V1_Kadro_56!$E$5:$E$60,G$4) -> 2 | H5: =COUNTIFS(V1_Kadro_56!$C$5:$C$60,$A5,V1_Kadro_56!$E$5:$E$60,H$4) -> 1 | I5: =COUNTIFS(V1_Kadro_56!$C$5:$C$60,$A5,V1_Kadro_56!$E$5:$E$60,I$4) -> 1 | ... O5: =COUNTIFS(V1_Kadro_56!$C$5:$C$60,$A5,V1_Kadro_56!$E$5:$E$60,O$4) -> 0 | P5: =SUM(B5:O5) -> 11
A6: Ninja | B6: =COUNTIFS(V1_Kadro_56!$C$5:$C$60,$A6,V1_Kadro_56!$E$5:$E$60,B$4) -> 0 | C6: =COUNTIFS(V1_Kadro_56!$C$5:$C$60,$A6,V1_Kadro_56!$E$5:$E$60,C$4) -> 0 | D6: =COUNTIFS(V1_Kadro_56!$C$5:$C$60,$A6,V1_Kadro_56!$E$5:$E$60,D$4) -> 3 | E6: =COUNTIFS(V1_Kadro_56!$C$5:$C$60,$A6,V1_Kadro_56!$E$5:$E$60,E$4) -> 0 | F6: =COUNTIFS(V1_Kadro_56!$C$5:$C$60,$A6,V1_Kadro_56!$E$5:$E$60,F$4) -> 6 | G6: =COUNTIFS(V1_Kadro_56!$C$5:$C$60,$A6,V1_Kadro_56!$E$5:$E$60,G$4) -> 0 | H6: =COUNTIFS(V1_Kadro_56!$C$5:$C$60,$A6,V1_Kadro_56!$E$5:$E$60,H$4) -> 0 | I6: =COUNTIFS(V1_Kadro_56!$C$5:$C$60,$A6,V1_Kadro_56!$E$5:$E$60,I$4) -> 0 | ... O6: =COUNTIFS(V1_Kadro_56!$C$5:$C$60,$A6,V1_Kadro_56!$E$5:$E$60,O$4) -> 0 | P6: =SUM(B6:O6) -> 11
A7: Tank | B7: =COUNTIFS(V1_Kadro_56!$C$5:$C$60,$A7,V1_Kadro_56!$E$5:$E$60,B$4) -> 1 | C7: =COUNTIFS(V1_Kadro_56!$C$5:$C$60,$A7,V1_Kadro_56!$E$5:$E$60,C$4) -> 0 | D7: =COUNTIFS(V1_Kadro_56!$C$5:$C$60,$A7,V1_Kadro_56!$E$5:$E$60,D$4) -> 1 | E7: =COUNTIFS(V1_Kadro_56!$C$5:$C$60,$A7,V1_Kadro_56!$E$5:$E$60,E$4) -> 3 | F7: =COUNTIFS(V1_Kadro_56!$C$5:$C$60,$A7,V1_Kadro_56!$E$5:$E$60,F$4) -> 0 | G7: =COUNTIFS(V1_Kadro_56!$C$5:$C$60,$A7,V1_Kadro_56!$E$5:$E$60,G$4) -> 0 | H7: =COUNTIFS(V1_Kadro_56!$C$5:$C$60,$A7,V1_Kadro_56!$E$5:$E$60,H$4) -> 0 | I7: =COUNTIFS(V1_Kadro_56!$C$5:$C$60,$A7,V1_Kadro_56!$E$5:$E$60,I$4) -> 0 | ... O7: =COUNTIFS(V1_Kadro_56!$C$5:$C$60,$A7,V1_Kadro_56!$E$5:$E$60,O$4) -> 1 | P7: =SUM(B7:O7) -> 11
A8: Büyücü | B8: =COUNTIFS(V1_Kadro_56!$C$5:$C$60,$A8,V1_Kadro_56!$E$5:$E$60,B$4) -> 5 | C8: =COUNTIFS(V1_Kadro_56!$C$5:$C$60,$A8,V1_Kadro_56!$E$5:$E$60,C$4) -> 1 | D8: =COUNTIFS(V1_Kadro_56!$C$5:$C$60,$A8,V1_Kadro_56!$E$5:$E$60,D$4) -> 0 | E8: =COUNTIFS(V1_Kadro_56!$C$5:$C$60,$A8,V1_Kadro_56!$E$5:$E$60,E$4) -> 0 | F8: =COUNTIFS(V1_Kadro_56!$C$5:$C$60,$A8,V1_Kadro_56!$E$5:$E$60,F$4) -> 0 | G8: =COUNTIFS(V1_Kadro_56!$C$5:$C$60,$A8,V1_Kadro_56!$E$5:$E$60,G$4) -> 1 | H8: =COUNTIFS(V1_Kadro_56!$C$5:$C$60,$A8,V1_Kadro_56!$E$5:$E$60,H$4) -> 1 | I8: =COUNTIFS(V1_Kadro_56!$C$5:$C$60,$A8,V1_Kadro_56!$E$5:$E$60,I$4) -> 1 | ... O8: =COUNTIFS(V1_Kadro_56!$C$5:$C$60,$A8,V1_Kadro_56!$E$5:$E$60,O$4) -> 0 | P8: =SUM(B8:O8) -> 11
A9: Savaşçı | B9: =COUNTIFS(V1_Kadro_56!$C$5:$C$60,$A9,V1_Kadro_56!$E$5:$E$60,B$4) -> 3 | C9: =COUNTIFS(V1_Kadro_56!$C$5:$C$60,$A9,V1_Kadro_56!$E$5:$E$60,C$4) -> 0 | D9: =COUNTIFS(V1_Kadro_56!$C$5:$C$60,$A9,V1_Kadro_56!$E$5:$E$60,D$4) -> 0 | E9: =COUNTIFS(V1_Kadro_56!$C$5:$C$60,$A9,V1_Kadro_56!$E$5:$E$60,E$4) -> 0 | F9: =COUNTIFS(V1_Kadro_56!$C$5:$C$60,$A9,V1_Kadro_56!$E$5:$E$60,F$4) -> 0 | G9: =COUNTIFS(V1_Kadro_56!$C$5:$C$60,$A9,V1_Kadro_56!$E$5:$E$60,G$4) -> 1 | H9: =COUNTIFS(V1_Kadro_56!$C$5:$C$60,$A9,V1_Kadro_56!$E$5:$E$60,H$4) -> 1 | I9: =COUNTIFS(V1_Kadro_56!$C$5:$C$60,$A9,V1_Kadro_56!$E$5:$E$60,I$4) -> 0 | ... O9: =COUNTIFS(V1_Kadro_56!$C$5:$C$60,$A9,V1_Kadro_56!$E$5:$E$60,O$4) -> 2 | P9: =SUM(B9:O9) -> 12
A10: Toplam | B10: =SUM(B5:B9) -> 12 | C10: =SUM(C5:C9) -> 3 | D10: =SUM(D5:D9) -> 4 | E10: =SUM(E5:E9) -> 3 | F10: =SUM(F5:F9) -> 6 | G10: =SUM(G5:G9) -> 4 | H10: =SUM(H5:H9) -> 3 | I10: =SUM(I5:I9) -> 2 | ... P10: =SUM(P5:P9) -> 56

Sheet V1_Irk_Dagilimi
A1: V1 IRK DAĞILIMI
A2: 14 ana ırk sözlüğüne göre V1 toplamları.
A4: Irk | B4: V1 Kart Sayısı | C4: Pay
A5: İnsan | B5: =COUNTIF(V1_Kadro_56!$E$5:$E$60,A5) -> 12 | C5: =B5/56 -> 0.21428571
A6: Elf | B6: =COUNTIF(V1_Kadro_56!$E$5:$E$60,A6) -> 3 | C6: =B6/56 -> 0.053571429
A7: Cüce | B7: =COUNTIF(V1_Kadro_56!$E$5:$E$60,A7) -> 4 | C7: =B7/56 -> 0.071428571
A8: Ejdersoy | B8: =COUNTIF(V1_Kadro_56!$E$5:$E$60,A8) -> 3 | C8: =B8/56 -> 0.053571429
A9: Gölge | B9: =COUNTIF(V1_Kadro_56!$E$5:$E$60,A9) -> 6 | C9: =B9/56 -> 0.10714286
A10: Astral | B10: =COUNTIF(V1_Kadro_56!$E$5:$E$60,A10) -> 4 | C10: =B10/56 -> 0.071428571
A11: Mutant | B11: =COUNTIF(V1_Kadro_56!$E$5:$E$60,A11) -> 3 | C11: =B11/56 -> 0.053571429
A12: Tanrısal | B12: =COUNTIF(V1_Kadro_56!$E$5:$E$60,A12) -> 2 | C12: =B12/56 -> 0.035714286
A13: Sürüngensoy | B13: =COUNTIF(V1_Kadro_56!$E$5:$E$60,A13) -> 3 | C13: =B13/56 -> 0.053571429
A14: Böceksırt | B14: =COUNTIF(V1_Kadro_56!$E$5:$E$60,A14) -> 2 | C14: =B14/56 -> 0.035714286
A15: Canavar | B15: =COUNTIF(V1_Kadro_56!$E$5:$E$60,A15) -> 5 | C15: =B15/56 -> 0.089285714
A16: Ölümsüz | B16: =COUNTIF(V1_Kadro_56!$E$5:$E$60,A16) -> 3 | C16: =B16/56 -> 0.053571429
... A18: Dev | B18: =COUNTIF(V1_Kadro_56!$E$5:$E$60,A18) -> 3 | C18: =B18/56 -> 0.053571429
A19: Toplam | B19: =SUM(B5:B18) -> 56 | C19: =SUM(C5:C18) -> 1

Sheet QA_KONTROL
A1: QA KONTROL PANELİ
A2: Tüm sonuçlar “GEÇTİ” olmalıdır. “HATA” görünürse ilgili kararı yeniden doğrulayın.
A4: Kontrol | B4: Beklenen | C4: Sonuç | D4: Durum
A5: Ana kadro satırı | B5: 56 | C5: =COUNTA(V1_Kadro_56!A5:A60) -> 56 | D5: =IF(C5=56,"GEÇTİ","HATA") -> GEÇTİ
A6: V1 benzersiz ID | B6: 56 | C6: =SUMPRODUCT(1/COUNTIF(V1_Kadro_56!A5:A60,V1_Kadro_56!A5:A60)) -> 56 | D6: =IF(C6=56,"GEÇTİ","HATA") -> GEÇTİ
A7: Yaygın kart | B7: 20 | C7: =COUNTIF(V1_Kadro_56!D5:D60,"Yaygın") -> 20 | D7: =IF(C7=20,"GEÇTİ","HATA") -> GEÇTİ
A8: Nadir kart | B8: 16 | C8: =COUNTIF(V1_Kadro_56!D5:D60,"Nadir") -> 16 | D8: =IF(C8=16,"GEÇTİ","HATA") -> GEÇTİ
A9: Ender kart | B9: 10 | C9: =COUNTIF(V1_Kadro_56!D5:D60,"Ender") -> 10 | D9: =IF(C9=10,"GEÇTİ","HATA") -> GEÇTİ
A10: Efsanevi kart | B10: 5 | C10: =COUNTIF(V1_Kadro_56!D5:D60,"Efsanevi") -> 5 | D10: =IF(C10=5,"GEÇTİ","HATA") -> GEÇTİ
A11: Multi kart | B11: 5 | C11: =COUNTIF(V1_Kadro_56!D5:D60,"Multi") -> 5 | D11: =IF(C11=5,"GEÇTİ","HATA") -> GEÇTİ
A12: V1 üretilecek görsel | B12: 14 | C12: =COUNTIF(V1_Kadro_56!F5:F60,"Üretilecek") -> 0 | D12: =IF(C12=14,"GEÇTİ","HATA") -> HATA
A13: Ana karakter sayısı | B13: 311 | C13: =COUNTA(Tum_Karakterler_311!A2:A312) -> 311 | D13: =IF(C13=311,"GEÇTİ","HATA") -> GEÇTİ
A14: 130 karakteri aşan hikâye | B14: 0 | C14: =COUNTIF(Tum_Karakterler_311!N2:N312,"130 karakteri aşıyor") -> 1 | D14: =IF(C14=0,"GEÇTİ","HATA") -> HATA
A15: ID 192 hikâye uzunluğu | B15: 130 | C15: =INDEX(Tum_Karakterler_311!M2:M312,MATCH(192,Tum_Karakterler_311!A2:A312,0)) -> 130 | D15: =IF(C15<=130,"GEÇTİ","HATA") -> GEÇTİ
A16: Kara_Pence bilinen ad tekrarı | B16: 2 | C16: =COUNTIF(Tum_Karakterler_311!B2:B312,"Kara_Pence") -> 2 | D16: =IF(C16=2,"GEÇTİ","HATA") -> GEÇTİ

Sheet KAYNAK_VE_KURALLAR
A1: KAYNAK VE ÇALIŞMA KURALLARI
A2: Ekip devrinde hangi sayfanın ne için kullanılacağını açıklayan veri sözlüğü.
A4: Sayfa / Kaynak | B4: Rol | C4: Güncelleme Kuralı | D4: Durum
A5: Tum_Karakterler_311 | B5: 311 karakterin tek doğruluk kaynağı | C5: Karakter alanlarını önce burada güncelleyin; ID anahtardır. | D5: Aktif
A6: V1_Kadro_56 | B6: Onaylı V1 seçimi | C6: Yalnızca yönetim kararıyla kadro değiştirin; ardından QA_KONTROL’e bakın. | D6: Aktif
A7: Gorsel_Durum_311 | B7: Tüm proje görsel denetimi | C7: Yeni görsel geldikçe dosya adı, sayı ve durum alanlarını güncelleyin. | D7: Aktif
A8: V1_Uretilecek_14 | B8: Lansman görsel backlog’u | C8: Takip Durumu alanını üretim akışında güncelleyin. | D8: Aktif
A9: Irk_Sozlugu | B9: 14 ana ırk veri sözlüğü | C9: Yeni ana ırk açmayın; alt tür/elementi ırk alanına taşımayın. | D9: Aktif
A10: Sınıf sekmeleri | B10: Ana listenin sınıf bazlı aynaları | C10: Önce ana listeyi, sonra aynı ID satırını güncelleyin. | D10: Ayna
A11: Yetenek sekmeleri | B11: Sınıf yetenek havuzları | C11: Karakter ana verisinden ayrı içerik havuzudur. | D11: Aktif
A12: Gizli teknik sekmeler | B12: Karar ve denge geçmişi | C12: Günlük çalışma için değil; denetim geçmişi için saklanır. | D12: Arşiv

Sheet Gorsel_Durum_311
A1: ID | B1: Karakter | C1: Sınıf | D1: Nadirlik | E1: Yeni Irk | F1: Görsel Sayısı | G1: Görselde Görünen | H1: Durum | I1: Gerekçe | J1: Görsel Dosyaları
A2: 1 | B2: CIRAK_SIFACI | C2: Destek | D2: Yaygın | E2: İnsan | F2: 1 | G2: İnsan görünümlü | H2: Hazır | I2: Görsel morfolojisi yeni ırkla uyumlu. | J2: CIRAK SIFACI.png
A3: 2 | B3: RUH_BEKCISI | C3: Destek | D3: Yaygın | E3: İnsan | F3: 1 | G3: İnsan görünümlü | H3: Hazır | I3: Görsel morfolojisi yeni ırkla uyumlu. | J3: RUH BEKCISI.png
A4: 3 | B4: UMUT_TASIYICI | C4: Destek | D4: Yaygın | E4: İnsan | F4: 1 | G4: İnsan görünümlü | H4: Hazır | I4: Görsel morfolojisi yeni ırkla uyumlu. | J4: UMUT TASIYICI.png
A5: 4 | B5: Sifa_Yildizi | C5: Destek | D5: Yaygın | E5: Elf | F5: 1 | G5: İnsan görünümlü | H5: Hafif düzenleme | I5: Karakter kullanılabilir; ırk işaretleri arka plan, kulak, kanat, doku veya efektle güçlendirilmeli. | J5: Sifa Yildizi.png
A6: 5 | B6: Umut_Alevi | C6: Destek | D6: Yaygın | E6: İnsan | F6: 1 | G6: İnsan görünümlü | H6: Hazır | I6: Görsel morfolojisi yeni ırkla uyumlu. | J6: Umut Alevi.png
A7: 6 | B7: Hayat_Akisi | C7: Destek | D7: Yaygın | E7: Elf | F7: 1 | G7: Elf görünümlü | H7: Hazır | I7: Görsel morfolojisi yeni ırkla uyumlu. | J7: Hayat Akisi.png
A8: 7 | B8: Kutsal_Isik | C8: Destek | D8: Yaygın | E8: Melek | F8: 1 | G8: İnsan görünümlü | H8: Hafif düzenleme | I8: Karakter kullanılabilir; ırk işaretleri arka plan, kulak, kanat, doku veya efektle güçlendirilmeli. | J8: Kutsal Isik.png
A9: 8 | B9: Sonsuz_Sifaci | C9: Destek | D9: Yaygın | E9: Ölümsüz | F9: 1 | G9: İnsan görünümlü | H9: Hazır | I9: Görsel morfolojisi yeni ırkla uyumlu. | J9: Sonsuz Sifaci.png
A10: 9 | B10: Isik_Yoldasi | C10: Destek | D10: Yaygın | E10: İnsan | F10: 1 | G10: İnsan görünümlü | H10: Hazır | I10: Görsel morfolojisi yeni ırkla uyumlu. | J10: Isik Yoldasi.png
A11: 10 | B11: Doga_Efendisi | C11: Destek | D11: Yaygın | E11: Elf | F11: 1 | G11: Elf görünümlü | H11: Hazır | I11: Görsel morfolojisi yeni ırkla uyumlu. | J11: Doga Efendisi.png
A12: 11 | B12: Zihinsel_Sifaci | C12: Destek | D12: Yaygın | E12: İnsan | F12: 1 | G12: İnsan görünümlü | H12: Hazır | I12: Görsel morfolojisi yeni ırkla uyumlu. | J12: Zihinsel Sifaci.png
A13: 12 | B13: Hayat_Koruyucusu | C13: Destek | D13: Yaygın | E13: İnsan | F13: 1 | G13: İnsan görünümlü | H13: Hazır | I13: Kullanıcı tarafından görsel/ırk uyumu doğrulandı. | J13: Hayat Koruyucusu.png
... A56: 55 | B56: Sonsuz_Yasamin_Bekcisi | C56: Destek | D56: Ender | E56: Ölümsüz | F56: 1 | G56: Tam zırhlı, türü belirsiz | H56: Hafif düzenleme | I56: Karakter kullanılabilir; ırk işaretleri arka plan, kulak, kanat, doku veya efektle güçlendirilmeli. | J56: Sonsuz Yasamin Bekcisi.jpg
A57: 56 | B57: Isigin_Yuces | C57: Destek | D57: Ender | E57: Tanrısal | F57: 1 | G57: Görsel mevcut; ırk Tanrısal olarak onaylandı | H57: Hazır | I57: Kullanıcı tarafından görsel/ırk uyumu doğrulandı.
A58: 57 | B58: KADIM_SIFACI | C58: Destek | D58: Efsanevi | E58: Mutant | F58: 0 | H58: Görsel yok | I58: Güvenli eşleşen görsel bulunamadı.
A59: 58 | B59: ISIK_LORDU | C59: Destek | D59: Efsanevi | E59: Melek | F59: 0 | H59: Görsel yok | I59: Güvenli eşleşen görsel bulunamadı.
A60: 59 | B60: YASAM_EFENDISI | C60: Destek | D60: Efsanevi | E60: Astral | F60: 0 | H60: Görsel yok | I60: Güvenli eşleşen görsel bulunamadı.
A61: 60 | B61: Butunlestirici | C61: Destek | D61: Efsanevi | E61: Mutant | F61: 0 | H61: Görsel yok | I61: Güvenli eşleşen görsel bulunamadı.
A62: 61 | B62: IYILESTIRME_TANRISI | C62: Destek | D62: Multi | E62: Tanrısal | F62: 0 | H62: Görsel yok | I62: Güvenli eşleşen görsel bulunamadı.
A63: 62 | B63: YASAM_TANRISI | C63: Destek | D63: Multi | E63: Tanrısal | F63: 0 | H63: Görsel yok | I63: Güvenli eşleşen görsel bulunamadı.
A64: 63 | B64: ZAMAN_BUKUCU | C64: Destek | D64: Multi | E64: Tanrısal | F64: 0 | H64: Görsel yok | I64: Güvenli eşleşen görsel bulunamadı.
A65: 64 | B65: Golge_Ciragi_Golge | C65: Ninja | D65: Yaygın | E65: Gölge | F65: 1 | G65: Gölge/ruh-insansı | H65: Hazır | I65: Görsel morfolojisi yeni ırkla uyumlu. | J65: Gölge Çırağı - Gölge.jpg
A66: 65 | B66: Zehir_Bicagi_Insan | C66: Ninja | D66: Yaygın | E66: Gölge | F66: 1 | G66: İnsan görünümlü | H66: Hafif düzenleme | I66: Karakter kullanılabilir; ırk işaretleri arka plan, kulak, kanat, doku veya efektle güçlendirilmeli. | J66: Zehir Bıçağı - İnsan.jpg
A67: 66 | B67: Hizli_Bicak_Insan | C67: Ninja | D67: Yaygın | E67: Gölge | F67: 1 | G67: İnsan görünümlü | H67: Hafif düzenleme | I67: Karakter kullanılabilir; ırk işaretleri arka plan, kulak, kanat, doku veya efektle güçlendirilmeli. | J67: Hızlı Bıçak - İnsan.jpg
A68: 67 | B68: Golgelerin_Ustasi_Golge | C68: Ninja | D68: Yaygın | E68: Gölge | F68: 1 | G68: Gölge/ruh-insansı | H68: Hazır | I68: Görsel morfolojisi yeni ırkla uyumlu. | J68: Gölgelerin Ustası - Gölge.jpg
A69: 68 | B69: Zehirli_Pence_Golge | C69: Ninja | D69: Yaygın | E69: Gölge | F69: 1 | G69: İnsan görünümlü | H69: Hafif düzenleme | I69: Karakter kullanılabilir; ırk işaretleri arka plan, kulak, kanat, doku veya efektle güçlendirilmeli. | J69: Zehirli Pençe - Gölge.jpg
A70: 69 | B70: Kritik_Golge_Golge | C70: Ninja | D70: Yaygın | E70: Gölge | F70: 1 | G70: İnsan görünümlü | H70: Hafif düzenleme | I70: Karakter kullanılabilir; ırk işaretleri arka plan, kulak, kanat, doku veya efektle güçlendirilmeli. | J70: Kritik Gölge - Gölge.jpg
A71: 70 | B71: Nightmare_Karabasan_Golge | C71: Ninja | D71: Yaygın | E71: Gölge | F71: 1 | G71: Gölge/ruh-insansı | H71: Hazır | I71: Görsel morfolojisi yeni ırkla uyumlu. | J71: Karabasan - Gölge.jpg
A72: 71 | B72: Gizli_Yikici_Cuce | C72: Ninja | D72: Yaygın | E72: Cüce | F72: 1 | G72: Cüce görünümlü | H72: Hazır | I72: Görsel morfolojisi yeni ırkla uyumlu. | J72: Gizli Yıkıcı - Cüce.jpg
A73: 72 | B73: Karanlik_Vekil_Golge | C73: Ninja | D73: Yaygın | E73: Gölge | F73: 1 | G73: Gölge/ruh-insansı | H73: Hazır | I73: Görsel morfolojisi yeni ırkla uyumlu. | J73: Karanlık Vekil - Gölge.jpg
A74: 73 | B74: Sinsi_Safak_Insan | C74: Ninja | D74: Yaygın | E74: Gölge | F74: 1 | G74: İnsan görünümlü | H74: Hafif düzenleme | I74: Karakter kullanılabilir; ırk işaretleri arka plan, kulak, kanat, doku veya efektle güçlendirilmeli. | J74: Şafak Sinsi - İnsan.jpg
A75: 74 | B75: High_Ninja_Insan | C75: Ninja | D75: Yaygın | E75: Gölge | F75: 1 | G75: İnsan görünümlü | H75: Hafif düzenleme | I75: Karakter kullanılabilir; ırk işaretleri arka plan, kulak, kanat, doku veya efektle güçlendirilmeli. | J75: Yüksek Savaşçı - İnsan.jpg
A76: 75 | B76: Gizli_Gozcu_Golge | C76: Ninja | D76: Yaygın | E76: Gölge | F76: 1 | G76: Kapüşonlu/belirsiz insansı | H76: Hafif düzenleme | I76: Karakter kullanılabilir; ırk işaretleri arka plan, kulak, kanat, doku veya efektle güçlendirilmeli. | J76: Gizli Gözcü - Gölge.jpg
... A84: 83 | B84: Mortal_Shadow_Golge | C84: Ninja | D84: Yaygın | E84: Gölge | F84: 1 | G84: Gölge/ruh-insansı | H84: Hazır | I84: Görsel morfolojisi yeni ırkla uyumlu. | J84: Ölümlü Gölge - Gölge.jpg
A85: 84 | B85: Korgoz_Suikastci_Cuce | C85: Ninja | D85: Yaygın | E85: Cüce | F85: 0 | H85: Görsel yok | I85: Güvenli eşleşen görsel bulunamadı.
A86: 85 | B86: Between_The_Shadows_Golge | C86: Ninja | D86: Yaygın | E86: Gölge | F86: 1 | G86: Gölge/ruh-insansı | H86: Hazır | I86: Görsel morfolojisi yeni ırkla uyumlu. | J86: Gölgeler Arasında - Gölge.jpg
A87: 86 | B87: Fisildayan_Hancer_Insan | C87: Ninja | D87: Yaygın | E87: Gölge | F87: 1 | G87: İnsan görünümlü | H87: Hafif düzenleme | I87: Karakter kullanılabilir; ırk işaretleri arka plan, kulak, kanat, doku veya efektle güçlendirilmeli. | J87: Fısıldayan Hançer- İnsan.jpg
A88: 87 | B88: God_Of_Secrecy_Insan | C88: Ninja | D88: Yaygın | E88: Gölge | F88: 1 | G88: İnsan görünümlü | H88: Hafif düzenleme | I88: Karakter kullanılabilir; ırk işaretleri arka plan, kulak, kanat, doku veya efektle güçlendirilmeli. | J88: Gizlilik Tanrısı - İnsan.jpg
A89: 88 | B89: Infinite_Blade_Insan | C89: Ninja | D89: Yaygın | E89: Gölge | F89: 1 | G89: İnsan görünümlü | H89: Hafif düzenleme | I89: Karakter kullanılabilir; ırk işaretleri arka plan, kulak, kanat, doku veya efektle güçlendirilmeli. | J89: Sonsuz Bıçak - İnsan.jpg
A90: 89 | B90: Gece_Yilani_Surungensoy | C90: Ninja | D90: Yaygın | E90: Sürüngensoy | F90: 1 | G90: Yılan/sürüngen-insansı | H90: Hazır | I90: Görsel morfolojisi yeni ırkla uyumlu. | J90: Gece Yılanı - Sürüngensoy.jpg
A91: 90 | B91: Karanlik_Fisildayici_Golge | C91: Ninja | D91: Yaygın | E91: Gölge | F91: 1 | G91: Gölge/ruh-insansı | H91: Hazır | I91: Görsel morfolojisi yeni ırkla uyumlu. | J91: Karanlık Fısıldayıcı - Gölge.jpg
A92: 91 | B92: Kritik_Kara_Pence_Golge | C92: Ninja | D92: Yaygın | E92: Gölge | F92: 1 | G92: İnsan görünümlü | H92: Hafif düzenleme | I92: Karakter kullanılabilir; ırk işaretleri arka plan, kulak, kanat, doku veya efektle güçlendirilmeli. | J92: Kritik Kara Pençe - Gölge.jpg
A93: 92 | B93: Ghostbuster_Golge | C93: Ninja | D93: Yaygın | E93: Gölge | F93: 1 | G93: Gölge/ruh-insansı | H93: Hazır | I93: Görsel morfolojisi yeni ırkla uyumlu. | J93: Hayalet Avcısı - Gölge.jpg
A94: 93 | B94: Sinsi_Kilic_Golge | C94: Ninja | D94: Yaygın | E94: Gölge | F94: 1 | G94: Gölge/ruh-insansı | H94: Hazır | I94: Görsel morfolojisi yeni ırkla uyumlu. | J94: Sinsi Kılıç - Gölge.jpg
A95: 94 | B95: Poisoned_Knife_Insan | C95: Ninja | D95: Yaygın | E95: İnsan | F95: 1 | G95: İnsan görünümlü | H95: Hazır | I95: Görsel morfolojisi yeni ırkla uyumlu. | J95: Zehirli Savaşçı - İnsan.jpg
A96: 95 | B96: Firtinali_Golge_Golge | C96: Ninja | D96: Yaygın | E96: Gölge | F96: 1 | G96: İnsan görünümlü | H96: Hafif düzenleme | I96: Karakter kullanılabilir; ırk işaretleri arka plan, kulak, kanat, doku veya efektle güçlendirilmeli. | J96: Fırtınalı Gölge- Gölge.jpg
A97: 96 | B97: KANLI_GOLGE | C97: Ninja | D97: Nadir | E97: Gölge | F97: 1 | G97: Gölge/ruh-insansı | H97: Hazır | I97: Görsel morfolojisi yeni ırkla uyumlu. | J97: Kanlı Gölge - Gölge.jpg
... A104: 103 | B104: Hayalet_Kafali | C104: Ninja | D104: Nadir | E104: Gölge | F104: 1 | G104: Gölge/ruh-insansı | H104: Hazır | I104: Görsel morfolojisi yeni ırkla uyumlu. | J104: Hayalet Kafalı - Gölge.jpg
A105: 104 | B105: Kara_Pence | C105: Ninja | D105: Nadir | E105: Böceksırt | F105: 0 | H105: Görsel yok | I105: Güvenli eşleşen görsel bulunamadı.
A106: 105 | B106: Gizli_Oldurucu | C106: Ninja | D106: Nadir | E106: Gölge | F106: 0 | H106: Görsel yok | I106: Güvenli eşleşen görsel bulunamadı.
A107: 106 | B107: Firtina_Yikici | C107: Ninja | D107: Nadir | E107: Astral | F107: 0 | H107: Görsel yok | I107: Güvenli eşleşen görsel bulunamadı.
A108: 107 | B108: Hizli_Savasci | C108: Ninja | D108: Nadir | E108: Gölge | F108: 0 | H108: Görsel yok | I108: Güvenli eşleşen görsel bulunamadı.
A109: 108 | B109: Zehirli_Gozcu | C109: Ninja | D109: Nadir | E109: Böceksırt | F109: 0 | H109: Görsel yok | I109: Güvenli eşleşen görsel bulunamadı.
A110: 109 | B110: Intikam_Avcisi | C110: Ninja | D110: Nadir | E110: Gölge | F110: 0 | H110: Görsel yok | I110: Güvenli eşleşen görsel bulunamadı.
A111: 110 | B111: Usta_Yikici | C111: Ninja | D111: Nadir | E111: Gölge | F111: 0 | H111: Görsel yok | I111: Güvenli eşleşen görsel bulunamadı.
A112: 111 | B112: Dusus_Golgesi | C112: Ninja | D112: Nadir | E112: Gölge | F112: 0 | H112: Görsel yok | I112: Güvenli eşleşen görsel bulunamadı.
A113: 112 | B113: RUH_BICICI | C113: Ninja | D113: Ender | E113: Ölümsüz | F113: 0 | H113: Görsel yok | I113: Güvenli eşleşen görsel bulunamadı.
A114: 113 | B114: KAOS_GOLGESI | C114: Ninja | D114: Ender | E114: Mutant | F114: 0 | H114: Görsel yok | I114: Güvenli eşleşen görsel bulunamadı.
A115: 114 | B115: OLUM_DANSCISI | C115: Ninja | D115: Ender | E115: Gölge | F115: 0 | H115: Görsel yok | I115: Güvenli eşleşen görsel bulunamadı.
A116: 115 | B116: Yilanin_Laneti | C116: Ninja | D116: Ender | E116: Sürüngensoy | F116: 0 | H116: Görsel yok | I116: Güvenli eşleşen görsel bulunamadı.
... A126: 125 | B126: GOLGELER_EFENDISI | C126: Ninja | D126: Multi | E126: Gölge | F126: 0 | H126: Görsel yok | I126: Güvenli eşleşen görsel bulunamadı.
A127: 126 | B127: DEMiR_MUHAFIZ | C127: Tank | D127: Yaygın | E127: İnsan | F127: 1 | G127: İnsan görünümlü | H127: Hazır | I127: Görsel morfolojisi yeni ırkla uyumlu. | J127: DEMİR MUHAFIZ.jpg
A128: 127 | B128: Kaya_Bekcisi_hayvan | C128: Tank | D128: Yaygın | E128: Canavar | F128: 1 | G128: Hayvan/kanatlı hayvan-insansı | H128: Hazır | I128: Görsel morfolojisi yeni ırkla uyumlu. | J128: Kaya Bekçisi - Hayvan.jpg
A129: 128 | B129: Zincir_Koruyucu | C129: Tank | D129: Yaygın | E129: İnsan | F129: 1 | G129: İnsan görünümlü | H129: Hazır | I129: Görsel morfolojisi yeni ırkla uyumlu. | J129: Zincir Koruyucu.jpg
A130: 129 | B130: Ates_Tasi_Ejderhasi_Ejdersoy | C130: Tank | D130: Yaygın | E130: Sürüngensoy | F130: 1 | G130: Ejderha | H130: Hazır | I130: Görsel morfolojisi yeni ırkla uyumlu. | J130: Ates_Tasi_Ejderhasi_Ejdersoy.jpg
A131: 130 | B131: Demir_Asker_Tanrisal_Olumsuz | C131: Tank | D131: Yaygın | E131: Ölümsüz | F131: 1 | G131: İnsan görünümlü | H131: Hazır | I131: Görsel morfolojisi yeni ırkla uyumlu. | J131: Demir Asker - Tanrısal Ölümsüz.jpg
A132: 131 | B132: Tas_Yurekli_Tanrisal_Olumsuz | C132: Tank | D132: Yaygın | E132: Ölümsüz | F132: 1 | G132: Mutant/golem-insansı | H132: Hazır | I132: Görsel morfolojisi yeni ırkla uyumlu. | J132: Taş Yürekli - Tanrısal Ölümsüz.jpg
A133: 132 | B133: Celik_Muhafiz_Tanrisal_Olumsuz | C133: Tank | D133: Yaygın | E133: Ölümsüz | F133: 1 | G133: Melek/kanatlı insansı | H133: Hafif düzenleme | I133: Karakter kullanılabilir; ırk işaretleri arka plan, kulak, kanat, doku veya efektle güçlendirilmeli. | J133: Çelik Muhafız- Tanrısal Ölümsüz.jpg
A134: 133 | B134: Kalkan_Kralicesi_Tanrisal_Olumsuz | C134: Tank | D134: Yaygın | E134: Ölümsüz | F134: 1 | G134: Melek/kanatlı insansı | H134: Hafif düzenleme | I134: Karakter kullanılabilir; ırk işaretleri arka plan, kulak, kanat, doku veya efektle güçlendirilmeli. | J134: Kalkan Kraliçesi - Tanrısal Ölümsüz.jpg
A135: 134 | B135: Kara_Zirhli_Bayan_Tanrisal_Olumsuz | C135: Tank | D135: Yaygın | E135: Ölümsüz | F135: 1 | G135: İblis/kanatlı insansı | H135: Hazır | I135: Görsel morfolojisi yeni ırkla uyumlu. | J135: Kara Zırhlı Bayan - Tanrısal Ölümsüz.jpg
A136: 135 | B136: Golge_Kalkani_Nam-i_DigerOlumsuz_TanricasiTanrisal_Olumsuz | C136: Tank | D136: Yaygın | E136: Ölümsüz | F136: 1 | G136: Ejder/kanatlı sürüngen-insansı | H136: Yeniden üret | I136: Görselde görünen tür yeni ırkla açıkça çelişiyor. | J136: Gölge Kalkanı Nam-ı Diğer Ölümsüz Tanrıçası - Tanrısal Ölümsüz.jpg
A137: 136 | B137: Immortal_Shielded_-_Tanrisal_Olumsuz | C137: Tank | D137: Yaygın | E137: Ölümsüz | F137: 0 | H137: Görsel yok | I137: Güvenli eşleşen görsel bulunamadı.
A138: 137 | B138: Kalkan_Titani_Tanrisal_Olumsuz | C138: Tank | D138: Yaygın | E138: Ölümsüz | F138: 1 | G138: İnsan görünümlü | H138: Hazır | I138: Görsel morfolojisi yeni ırkla uyumlu. | J138: Kalkan Titanı - Tanrısal Ölümsüz.jpg
A139: 138 | B139: Zirhli_Dev_Ejdersoy | C139: Tank | D139: Yaygın | E139: Dev | F139: 1 | G139: Ejder/kanatlı sürüngen-insansı | H139: Hafif düzenleme | I139: Karakter kullanılabilir; ırk işaretleri arka plan, kulak, kanat, doku veya efektle güçlendirilmeli. | J139: Zırhlı Dev - Ejdersoy.jpg
A140: 139 | B140: Demir_Zirh_Ejdersoy | C140: Tank | D140: Yaygın | E140: Ejdersoy | F140: 1 | G140: Ejder/kanatlı sürüngen-insansı | H140: Hazır | I140: Görsel morfolojisi yeni ırkla uyumlu. | J140: Demir Zırh - Ejdersoy.jpg
A141: 140 | B141: Gumus_Kol_Ejdersoy | C141: Tank | D141: Yaygın | E141: Ejdersoy | F141: 1 | G141: Ejder/kanatlı sürüngen-insansı | H141: Hazır | I141: Görsel morfolojisi yeni ırkla uyumlu. | J141: Gümüş Kol- Ejdersoy.jpg
A142: 141 | B142: Gece_Kalkani_Ejdersoy | C142: Tank | D142: Yaygın | E142: Ejdersoy | F142: 1 | G142: Ejder/kanatlı sürüngen-insansı | H142: Hazır | I142: Görsel morfolojisi yeni ırkla uyumlu. | J142: Gece Kalkanı - Ejdersoy.jpg
A143: 142 | B143: Buz_Zirhi_Ejdersoy | C143: Tank | D143: Yaygın | E143: Ejdersoy | F143: 1 | G143: Ejder/kanatlı sürüngen-insansı | H143: Hazır | I143: Görsel morfolojisi yeni ırkla uyumlu. | J143: Buz_Zirhi_Ejdersoy.jpg
A144: 143 | B144: Yelkenli_Zirh_Insan | C144: Tank | D144: Yaygın | E144: İnsan | F144: 1 | G144: İnsan görünümlü | H144: Hazır | I144: Görsel morfolojisi yeni ırkla uyumlu. | J144: Yelkenli Zırh -İnsan.jpg
A145: 144 | B145: Zirh_Krali_Cuce | C145: Tank | D145: Yaygın | E145: Cüce | F145: 1 | G145: Cüce görünümlü | H145: Hazır | I145: Görsel morfolojisi yeni ırkla uyumlu. | J145: Zırh Kralı - Cüce.jpg
A146: 145 | B146: Kutsal_Savunma | C146: Tank | D146: Yaygın | E146: Cüce | F146: 1 | G146: Cüce görünümlü | H146: Hazır | I146: Görsel morfolojisi yeni ırkla uyumlu. | J146: Kutsal Savunma - Cüce.jpg
A147: 146 | B147: Kum_Zirhli_Cuce | C147: Tank | D147: Yaygın | E147: Cüce | F147: 1 | G147: Cüce görünümlü | H147: Hazır | I147: Görsel morfolojisi yeni ırkla uyumlu. | J147: Kum Zırhlı - Cüce.jpg
A148: 147 | B148: Alev_Kalkani_Cuce | C148: Tank | D148: Yaygın | E148: Cüce | F148: 1 | G148: Cüce görünümlü | H148: Hazır | I148: Görsel morfolojisi yeni ırkla uyumlu. | J148: Alev_Kalkani_Cuce.jpg
A149: 148 | B149: Gumus_Zirh_Cuce | C149: Tank | D149: Yaygın | E149: Cüce | F149: 1 | G149: Cüce görünümlü | H149: Hazır | I149: Görsel morfolojisi yeni ırkla uyumlu. | J149: Gümüş Zırh - Cüce.jpg
... A156: 155 | B156: Demir_Kafes_Insan | C156: Tank | D156: Yaygın | E156: İnsan | F156: 2 | G156: İnsan görünümlü | H156: Hazır | I156: Görsel morfolojisi yeni ırkla uyumlu. | J156: Demir Kafes - İnsan.jpg | Taş Kafes - İnsan.jpg
A157: 156 | B157: Tas_Yurekli_Insan | C157: Tank | D157: Yaygın | E157: Cüce | F157: 0 | H157: Görsel yok | I157: Güvenli eşleşen görsel bulunamadı.
A158: 157 | B158: Golge_Zirhi_Tanrisal_Olumsuz | C158: Tank | D158: Yaygın | E158: Ölümsüz | F158: 1 | G158: İnsan görünümlü | H158: Hazır | I158: Görsel morfolojisi yeni ırkla uyumlu. | J158: Gölge Zırhı - Tanrısal Ölümsüz.jpg
A159: 158 | B159: CELIK_GARDIYAN_insan_mutant | C159: Tank | D159: Nadir | E159: Elf | F159: 1 | G159: İnsan görünümlü | H159: Hafif düzenleme | I159: Karakter kullanılabilir; ırk işaretleri arka plan, kulak, kanat, doku veya efektle güçlendirilmeli. | J159: Çelik Gardiyan - Mutant.jpg
A160: 159 | B160: OBSIDYEN_KALKAN_insan_bocek | C160: Tank | D160: Nadir | E160: Böceksırt | F160: 2 | G160: Böcek/araknid varlık; Tam zırhlı, türü belirsiz | H160: Hazır | I160: Görsel morfolojisi yeni ırkla uyumlu. | J160: Obsidyen Kalkan - Böcek.jpg | OBSİDYEN KALKAN.jpg
A161: 160 | B161: KRISTAL_KORUYUCU | C161: Tank | D161: Nadir | E161: Astral | F161: 1 | G161: Enerji/soyut varlık | H161: Hazır | I161: Görsel morfolojisi yeni ırkla uyumlu. | J161: Kristal Koruyucu - Tanrısal Ölümsüz.jpg
A162: 161 | B162: Celik_Vucut_insan | C162: Tank | D162: Nadir | E162: Dev | F162: 1 | G162: Mutant/golem-insansı | H162: Hazır | I162: Görsel morfolojisi yeni ırkla uyumlu. | J162: Çelik Vucut - İnsan.jpg
A163: 162 | B163: Tuyles_Savunma_Ejdersoy | C163: Tank | D163: Nadir | E163: Ejdersoy | F163: 1 | G163: Ejderha | H163: Hazır | I163: Görsel morfolojisi yeni ırkla uyumlu. | J163: Tüyles Savunma - Ejdersoy.jpg
A164: 163 | B164: Buyuk_Kalkan_Insan | C164: Tank | D164: Nadir | E164: İnsan | F164: 1 | G164: İnsan görünümlü | H164: Hazır | I164: Görsel morfolojisi yeni ırkla uyumlu. | J164: Büyük Kalkan - İnsan.jpg
A165: 164 | B165: Savunma_Prensesi_Insan | C165: Tank | D165: Nadir | E165: İnsan | F165: 1 | G165: İnsan görünümlü | H165: Hazır | I165: Görsel morfolojisi yeni ırkla uyumlu. | J165: Savunma Prensesi - İnsan.jpg
A166: 165 | B166: Demir_Zirhli_Asker_insan | C166: Tank | D166: Nadir | E166: İnsan | F166: 1 | G166: İnsan görünümlü | H166: Hazır | I166: Görsel morfolojisi yeni ırkla uyumlu. | J166: Demir Zırhlı Asker.jpg
A167: 166 | B167: Kutsal_Volkanik_Asker_Insan | C167: Tank | D167: Nadir | E167: İnsan | F167: 1 | G167: İnsan görünümlü | H167: Hazır | I167: Görsel morfolojisi yeni ırkla uyumlu. | J167: Kutsal Volkanik Asker - Ejdersoy.jpg
A168: 167 | B168: Kara_Celik_ejdersoy | C168: Tank | D168: Nadir | E168: Ejdersoy | F168: 1 | G168: Ejder/kanatlı sürüngen-insansı | H168: Hazır | I168: Görsel morfolojisi yeni ırkla uyumlu. | J168: Kara Çelik - Ejdersoy.jpg
A169: 168 | B169: Demir_Beden_Ejdersoy | C169: Tank | D169: Nadir | E169: Ejdersoy | F169: 1 | G169: Ejderha | H169: Hazır | I169: Görsel morfolojisi yeni ırkla uyumlu. | J169: Demir Beden - Ejdersoy.jpg
... A183: 182 | B183: EJDER_PULLU_SOVALYE | C183: Tank | D183: Efsanevi | E183: İnsan | F183: 1 | G183: İnsan görünümlü | H183: Hazır | I183: Görsel morfolojisi yeni ırkla uyumlu. | J183: EJDER_PULLU_SOVALYE.jpg
...

Sheet Irk_Sozlugu
A1: Ana Irk | B1: Tanım | C1: Alt tür/köken örnekleri | D1: Kural
A2: İnsan | B2: Temel insansı ırk. | C2: Alevsoy, Buzsoy, Arkan, Zaman, Işık vb. köken olabilir. | D2: Meslek, element ve sınıf ırk değildir.
A3: Elf | B3: Tüm elf türlerinin ortak ana ırkı. | C3: Ormanelfi ve Suelfi köken/alt tür olarak saklanabilir. | D3: Ana ırkta yalnızca Elf yazılır.
A4: Cüce | B4: Cüce fiziksel yapısına sahip ırk. | C4: Ocak, dağ veya fırtına kökenleri ayrı alanda tutulur. | D4: Görsel ve isim önceliklidir.
A5: Ejdersoy | B5: Ejderha veya ejder-insansı soy. | C5: Ateş, buz, gölge gibi bağlar element/kökendir. | D5: Ejder görseli güçlü kanıttır.
A6: Gölge | B6: Tüm gölge varlıklarının ortak ırkı. | C6: Gölgedoğan ve Gölge İnsan eski etiketleridir. | D6: Ana ırkta yalnızca Gölge yazılır.
A7: Astral | B7: Kozmik, yıldızsal veya Aether varlıkları. | C7: Yıldızdoğan, Yıldızsoylu, Aetherian köken olabilir. | D7: İnsan görünümlü karakterde görsel ve hikâye birlikte değerlendirilir.
A8: Mutant | B8: Dönüşmüş, deneysel veya fiziksel olarak değişmiş varlık. | C8: Golem/hibrit görünüşler dahil olabilir. | D8: Büyücülerde böcek/ejderimsi özel dönüşümler Mutant olabilir.
A9: Tanrısal | B9: Gerçek ilahi varlık; çok nadir. | C9: Tanrı unvanı tek başına yeterli değildir. | D9: Nadir tutulur, hikâye kanıtı gerekir.
A10: Sürüngensoy | B10: Yılan veya sürüngen temelli varlık. | C10: Boss büyücülerde çok nadir kullanılabilir. | D10: Belirgin sürüngen görünümü gerekir.
A11: Böceksırt | B11: Böcek/araknid bedenli varlık. | C11: Kitin, örümcek ve böcek özellikleri. | D11: Belirgin görsel kanıt gerekir.
A12: Canavar | B12: Hayvansı, minotor, kurt veya aslan-insansı varlık. | C12: Hayvan alt türü ayrıca yazılabilir. | D12: İnsan görünümünde kullanılmaz.
... A15: Dev | B15: Devasa bedenli, titan veya kolos kökenli insansı ırk. | C15: Titan, ağır zırhlı dev ve taş dev kökenleri. | D15: Yalnızca büyük ölçek, isim veya hikâye kanıtı varsa kullanılır.

Sheet Tum_Karakterler_311
A1: ID | B1: Karakter | C1: Sınıf | D1: Nadirlik | E1: Önem Derecesi | F1: Irk | G1: Cinsiyet | H1: Element | I1: Hikâye Düğümü | J1: Bağlantı Karakterleri | K1: Bağlantı Türü | L1: Hikâye | M1: Hikâye Harf Sayısı | N1: 130 Kontrol | O1: Bağlantı Sayısı | P1: Profesyonel Not
A2: 1 | B2: CIRAK_SIFACI | C2: Destek | D2: Yaygın | E2: 1 | F2: İnsan | G2: Kadın | H2: Metal | I2: Demir Cephe | J2: CELIK_KILIC; DEMIR_MUHAFIZ; KIZIL_SAVASCI; Kutsal_Savunma; ATES_CIRAGI; Zehir_Bicagi_Insan; KANLI_GOLGE; Kaya_Bekcisi_hayvan | K2: Destek Ağı | L2: Çelik Kılıç'ı kurtarırken ustasını kaybetti. Artık zafer çığlıklarını değil, yardım isteyemeyen yaralıların sessizliğini dinler. | M2: =LEN(L2) -> 128 | N2: =IF(L2="","Eksik",IF(M2<=130,"Uygun","130 karakteri aşıyor")) -> Uygun | O2: 8 | P2: Açılış yarası; destek sınıfının cepheye ilk gerçek etkisi.
A3: 2 | B3: RUH_BEKCISI | C3: Destek | D3: Yaygın | E3: 1 | F3: İnsan | G3: Erkek | H3: Metal | I3: Ruh Borcu | J3: Olumsuz_Kilic; Demir_Asker_Tanrisal_Olumsuz; Tas_Yurekli_Tanrisal_Olumsuz; KARA_BUYUCUSU; Ruh_Yoneticisi; RUH_BICICI; Immortal_Shadow_golge; OLUMSUZ_KALKANLI_ASKER; Hayalet_Asker | K3: Destek Ağı | L3: Ölümsüz Kılıç'ın ruhunu kendi canına bağladı. Kurtardığı bedenler yaşarken, ölülerin yarım kalan yeminleri uykusunu çalar. | M3: =LEN(L3) -> 122 | N3: =IF(L3="","Eksik",IF(M3<=130,"Uygun","130 karakteri aşıyor")) -> Uygun | O3: 9 | P3: Ölümden sonra bile siyasi/ruhsal borç doğuran bağlantı.
A4: 3 | B4: UMUT_TASIYICI | C4: Destek | D4: Yaygın | E4: 1 | F4: İnsan | G4: Kadın | H4: Savaş | I4: Kutsal Taht | J4: Kutsal_Asker; Kutsal_Zirh; Tacsiz_Muhafiz; KUTSAL_KILIC; ZAFER_MELEGI; GOKYUZU_HAKIMI; ISIK_USTASI; Savunma_Prensesi_Insan; KUTSAL_MUHAFIZ | K4: Destek Ağı | L4: Taht düşerken Kutsal Asker'e yalan söyledi: Yardım geliyor. Şimdi taşıdığı ışık, o sözü gerçeğe dönüştürmek için ettiği yemindir. | M4: =LEN(L4) -> 129 | N4: =IF(L4="","Eksik",IF(M4<=130,"Uygun","130 karakteri aşıyor")) -> Uygun | O4: 9 | P4: Sıradan umut değil, ileride açılacak stratejik yemin.
A5: 4 | B5: Sifa_Yildizi | C5: Destek | D5: Yaygın | E5: 1 | F5: Elf | G5: Kadın | H5: Astral | I5: Yıldız ve Evren Yarığı | J5: Altin_Yildiz; Gok_Yildizi; Galaktik_Bilgisi; Astral_Savunucu; EVREN_BUYUCUSU; EVREN_KORUYUCUSU; Aetherin_Efendisi; BUYU_TANRISI; SAVAS_TANRISI; KAOS_SAMPIYONU | K5: Destek Ağı | L5: Kaybolan kardeşini yıldız haritasında arar. Her şifada bir yıldız söner; kurtardığı canlar eve dönüş yolunu yavaşça siler. | M5: =LEN(L5) -> 122 | N5: =IF(L5="","Eksik",IF(M5<=130,"Uygun","130 karakteri aşıyor")) -> Uygun | O5: 10 | P5: Astral harita üzerinden geri çağırma bağı.
A6: 5 | B6: Umut_Alevi | C6: Destek | D6: Yaygın | E6: 1 | F6: İnsan | G6: Erkek | H6: Ateş | I6: Alev ve Ejder Hattı | J6: Alevli_Savasci; ALEV_KILICI; Atesli_Kilic; Ates_Lordu; Alev_Krali; MAGMA_KORUYUCU; EJDER_PULLU_SOVALYE; Ejderha_Savascisi; Ejderha_Pencesi; ATES_CIRAGI | K6: Destek Ağı | L6: Alev Kılıcı'nın yaktığı köyden son közü kurtardı. İntikam için sakladığı ateş, ilk yaralıyı iyileştirince ona başka bir yol açtı. | M6: =LEN(L6) -> 129 | N6: =IF(L6="","Eksik",IF(M6<=130,"Uygun","130 karakteri aşıyor")) -> Uygun | O6: 10 | P6: Duygusal umut, askeri yasaya dönüşüyor.
A7: 6 | B7: Hayat_Akisi | C7: Destek | D7: Yaygın | E7: 1 | F7: Elf | G7: Kadın | H7: Fırtına | I7: Yaşam ve Ölüm Eşiği | J7: YASAM_TANRISI; IYILESTIRME_TANRISI; OLUM_TANRISI; Sonsuz_Savunma; Kanli_Kalkan; YASAM_EFENDISI; Kadim_Yasam_Efendisi; KADIM_SIFACI; Efsanevi_Iyilestirici; Sonsuz_Yasamin_Bekcisi | K7: Destek Ağı | L7: Nehrini kurtarmak için Ölüm Tanrısı'yla anlaştı. Suları herkese yaşam verir; yalnız içinden yükselen annesinin sesi hiç susmaz. | M7: =LEN(L7) -> 127 | N7: =IF(L7="","Eksik",IF(M7<=130,"Uygun","130 karakteri aşıyor")) -> Uygun | O7: 10 | P7: Yaşam akışı doğrudan tanrısal antlaşmaya bağlanıyor.
A8: 7 | B8: Kutsal_Isik | C8: Destek | D8: Yaygın | E8: 1 | F8: Melek | G8: Erkek | H8: Işık | I8: Kutsal Taht | J8: Kutsal_Asker; Kutsal_Zirh; Tacsiz_Muhafiz; KUTSAL_KILIC; ZAFER_MELEGI; GOKYUZU_HAKIMI; ISIK_USTASI; Savunma_Prensesi_Insan; KUTSAL_MUHAFIZ | K8: Destek Ağı | L8: Kutsal Taht'ın suçlu saydığı çocuğu iyileştirdiği için sürüldü. Kanatları söküldü ama ışığını kimin hak ettiğini kendisi seçer. | M8: =LEN(L8) -> 127 | N8: =IF(L8="","Eksik",IF(M8<=130,"Uygun","130 karakteri aşıyor")) -> Uygun | O8: 9 | P8: Işık, basit iyileştirme değil hüküm seçme aracı.
A9: 8 | B9: Sonsuz_Sifaci | C9: Destek | D9: Yaygın | E9: 1 | F9: Ölümsüz | G9: Kadın | H9: Ateş | I9: Yaşam ve Ölüm Eşiği | J9: YASAM_TANRISI; IYILESTIRME_TANRISI; OLUM_TANRISI; Sonsuz_Savunma; Kanli_Kalkan; YASAM_EFENDISI; Kadim_Yasam_Efendisi; KADIM_SIFACI; Efsanevi_Iyilestirici; Sonsuz_Yasamin_Bekcisi | K9: Destek Ağı | L9: Ölümsüzlüğünü bir köye adadı; köy yüzyıllar önce yok oldu. Şifa verdiği yüzlerde hâlâ ilk hastasının gülüşünü arar. | M9: =LEN(L9) -> 115 | N9: =IF(L9="","Eksik",IF(M9<=130,"Uygun","130 karakteri aşıyor")) -> Uygun | O9: 10 | P9: Şifa her zaman rahatlama değil; görev bedeli yaratıyor.
A10: 9 | B10: Isik_Yoldasi | C10: Destek | D10: Yaygın | E10: 1 | F10: İnsan | G10: Erkek | H10: Işık | I10: Gölge Antlaşması | J10: KARA_SOVALYE; Karanlik_Savasci; Golge_Kalkani; GOLGE_LORDU; GOLGELER_EFENDISI; GOLGE_BUYUCUSU; Zifiri_Buyucu; ABIS_GARDIYANI_golge; Kara_Pence; Kritik_Golge_Golge | K10: Destek Ağı | L10: Kara Şövalye'yi öldürmeye gitti, karanlıkta onunla sağ kaldı. Şimdi ışığı bir düşmanı değil, ikisinin de eve dönüş yolunu korur. | M10: =LEN(L10) -> 128 | N10: =IF(L10="","Eksik",IF(M10<=130,"Uygun","130 karakteri aşıyor")) -> Uygun | O10: 10 | P10: Işık-gölge geçişini kuran ara düğüm.
A11: 10 | B11: Doga_Efendisi | C11: Destek | D11: Yaygın | E11: 1 | F11: Elf | G11: Erkek | H11: Enerji | I11: Doğa ve Zirve Geçidi | J11: Zirve_Pencesi; Zirve_Kilici; Zirve_Efendisi; Kaya_Bekcisi_hayvan; Kum_Zirhli_Cuce; Gece_Yilani_Surungensoy; Vahsi_Elementalist; DOVUS_USTASI; Zirhli_Dev_Ejdersoy | K11: Destek Ağı | L11: Zirve Geçidi'ni köklerle mühürledi; ardında kendi halkı da kaldı. Ormanı koruyan her dal, bir gün yüzleşeceği o kararı hatırlatır. | M11: =LEN(L11) -> 130 | N11: =IF(L11="","Eksik",IF(M11<=130,"Uygun","130 karakteri aşıyor")) -> Uygun | O11: 9 | P11: Doğa, pasif ortam değil stratejik savunma alanı.
A12: 11 | B12: Zihinsel_Sifaci | C12: Destek | D12: Yaygın | E12: 1 | F12: İnsan | G12: Kadın | H12: Gölge | I12: Zihin ve Felsefe Mahkemesi | J12: Felsefe_Buyucusu; Yuce_Akil; Korku_Imparatoru_golge; Korgoz_Suikastci_Cuce; Buyuk_Tehlike; Karanlik_Kader; Kader_Orgusu_Arkan_buyucusu; SAVAS_TANRISI | K12: Destek Ağı | L12: Yüce Akıl'ın zihnini onardı, korkunç sırrını öğrendi. Hastasını koruma yeminiyle dünyayı uyarma isteği arasında anılarını siler. | M12: =LEN(L12) -> 128 | N12: =IF(L12="","Eksik",IF(M12<=130,"Uygun","130 karakteri aşıyor")) -> Uygun | O12: 8 | P12: Şifa edilen sır, başka bir karakterin silahına dönüşüyor.
A13: 12 | B13: Hayat_Koruyucusu | C13: Destek | D13: Yaygın | E13: 1 | F13: İnsan | G13: Erkek | H13: Metal | I13: Yaşam ve Ölüm Eşiği | J13: YASAM_TANRISI; IYILESTIRME_TANRISI; OLUM_TANRISI; Sonsuz_Savunma; Kanli_Kalkan; YASAM_EFENDISI; Kadim_Yasam_Efendisi; KADIM_SIFACI; Efsanevi_Iyilestirici; Sonsuz_Yasamin_Bekcisi | K13: Destek Ağı | L13: Kanlı Kalkan'ın ardında son nefesi sakladı. Ölüm onu geri istediğinde, bir yabancı uğruna kendi ömrünü masaya koydu. | M13: =LEN(L13) -> 116 | N13: =IF(L13="","Eksik",IF(M13<=130,"Uygun","130 karakteri aşıyor")) -> Uygun | O13: 10 | P13: Bir nefes, kraliyet ve yaşam hattı arasında mirasa dönüşüyor.
... A16: 15 | B16: Efsanevi_Sifaci | C16: Destek | D16: Yaygın | E16: 1 | F16: İnsan | G16: Kadın | H16: Savaş | I16: Demir Cephe | J16: CELIK_KILIC; DEMIR_MUHAFIZ; KIZIL_SAVASCI; Kutsal_Savunma; ATES_CIRAGI; Zehir_Bicagi_Insan; KANLI_GOLGE; Kaya_Bekcisi_hayvan | K16: Destek Ağı | L16: Demir Cephe'nin kahramanı ilan edildi. Kurtardığı komutan savaşı uzatınca, şifanın da bazen bir silaha dönüşebildiğini öğrendi. | M16: =LEN(L16) -> 127 | N16: =IF(L16="","Eksik",IF(M16<=130,"Uygun","130 karakteri aşıyor")) -> Uygun | O16: 8 | P16: Ucuz kurtuluş yerine karakter gelişimi bedeli.
A17: 16 | B17: Hayat_Rehberi | C17: Destek | D17: Yaygın | E17: 1 | F17: İnsan | G17: Erkek | H17: Ateş | I17: Kutsal Taht | J17: Kutsal_Asker; Kutsal_Zirh; Tacsiz_Muhafiz; KUTSAL_KILIC; ZAFER_MELEGI; GOKYUZU_HAKIMI; ISIK_USTASI; Savunma_Prensesi_Insan; KUTSAL_MUHAFIZ | K17: Destek Ağı | L17: Taçsız Muhafız'a gizli kaçış yolunu gösterdi; hükümdar dönmeyince halkın karşısına çıktı. Artık kimseyi ardında bırakmadan yürür. | M17: 129 | N17: Uygun | O17: 9 | P17: Savaş liderinin otoritesini destek bilgeliğine bağlar.
A18: 17 | B18: Evren_Sifacisi | C18: Destek | D18: Yaygın | E18: 1 | F18: Astral | G18: Kadın | H18: Astral | I18: Yıldız ve Evren Yarığı | J18: Altin_Yildiz; Gok_Yildizi; Galaktik_Bilgisi; Astral_Savunucu; EVREN_BUYUCUSU; EVREN_KORUYUCUSU; Aetherin_Efendisi; BUYU_TANRISI; SAVAS_TANRISI; KAOS_SAMPIYONU | K18: Destek Ağı | L18: Evrenin yarığını kapatınca kayıp bir dünyanın sesini duydu. Şifasını durdurursa halkı ölecek, sürdürürse o ses ebediyen susacak. | M18: =LEN(L18) -> 128 | N18: =IF(L18="","Eksik",IF(M18<=130,"Uygun","130 karakteri aşıyor")) -> Uygun | O18: 10 | P18: Kozmik ölçekte şifa, gizli bilgi gerilimi yaratıyor.
A19: 18 | B19: Isik_Vekili | C19: Destek | D19: Yaygın | E19: 1 | F19: Melek | G19: Erkek | H19: Işık | I19: Gölge Antlaşması | J19: KARA_SOVALYE; Karanlik_Savasci; Golge_Kalkani; GOLGE_LORDU; GOLGELER_EFENDISI; GOLGE_BUYUCUSU; Zifiri_Buyucu; ABIS_GARDIYANI_golge; Kara_Pence; Kritik_Golge_Golge | K19: Destek Ağı | L19: Gölge Lordu'yla çizdiği sınır, bir aileyi ikiye böldü. Işığını şimdi antlaşmayı korumak için değil, onları buluşturmak için taşır. | M19: =LEN(L19) -> 130 | N19: =IF(L19="","Eksik",IF(M19<=130,"Uygun","130 karakteri aşıyor")) -> Uygun | O19: 10 | P19: Yok etme değil, diplomatik/sihirsel sınır koyma.
A20: 19 | B20: Mistik_Sifaci | C20: Destek | D20: Yaygın | E20: 1 | F20: İnsan | G20: Kadın | H20: Arkan | I20: Zaman ve Arkan Kırığı | J20: Zaman_Efendisi; ZAMAN_BUYUCUSU; Kader_Orgusu_Arkan_buyucusu; BOYUT_USTASI_bukucu; BOYUT_KATILI; KIYAMET_BUYUCUSU; Kiyamet_Askeri; SAVAS_LORDU; Kehanetci; Buyuk_Arcana | K20: Destek Ağı | L20: Büyük Arcana'nın kartında iyileştireceği yarayı gördü. Her kurtarışta kehanet değişir; son kartta artık yalnız kendi adı vardır. | M20: =LEN(L20) -> 128 | N20: =IF(L20="","Eksik",IF(M20<=130,"Uygun","130 karakteri aşıyor")) -> Uygun | O20: 10 | P20: Kart/kehanet hattı; sonraki büyücü bağlarını hazırlar.
A21: 20 | B21: Hayat_Fisildayicisi | C21: Destek | D21: Yaygın | E21: 1 | F21: Elf | G21: Kadın | H21: Zehir | I21: Zehir ve Gizli Savaş | J21: Zehir_Bicagi_Insan; Zehirli_Ruya; Zehirli_Intikamci; Poisoned_Knife_Insan; Gece_Yilani_Surungensoy; Kara_Pence; Kritik_Kara_Pence_Golge; Yikici_Sovalye | K21: Destek Ağı | L21: Gece Yılanı'nın zehirlediği ağacı dinledi; kökler katilin adını fısıldadı. Ormanı iyileştirmek için önce onu yaşatması gerek. | M21: =LEN(L21) -> 125 | N21: =IF(L21="","Eksik",IF(M21<=130,"Uygun","130 karakteri aşıyor")) -> Uygun | O21: 8 | P21: Zehirle doğa arasında gizli karşı-ritüel.
A22: 21 | B22: Kadim_Ruh_Samani | C22: Destek | D22: Yaygın | E22: 1 | F22: Astral | G22: Erkek | H22: Metal | I22: Ruh Borcu | J22: Olumsuz_Kilic; Demir_Asker_Tanrisal_Olumsuz; Tas_Yurekli_Tanrisal_Olumsuz; KARA_BUYUCUSU; Ruh_Yoneticisi; RUH_BICICI; Immortal_Shadow_golge; OLUMSUZ_KALKANLI_ASKER; Hayalet_Asker | K22: Destek Ağı | L22: Ruh Yöneticisi'nden atalarının sesini geri aldı. İçlerinden biri hainin adını söyleyince, kutsal soyun yalanını öğrendi. | M22: =LEN(L22) -> 120 | N22: =IF(L22="","Eksik",IF(M22<=130,"Uygun","130 karakteri aşıyor")) -> Uygun | O22: 9 | P22: Eski güç ile büyücü sınıfı arasında ağır sır.
A23: 22 | B23: Isigin_Efendisi | C23: Destek | D23: Yaygın | E23: 1 | F23: Elf | G23: Erkek | H23: Kaos | I23: Kutsal Taht | J23: Kutsal_Asker; Kutsal_Zirh; Tacsiz_Muhafiz; KUTSAL_KILIC; ZAFER_MELEGI; GOKYUZU_HAKIMI; ISIK_USTASI; Savunma_Prensesi_Insan; KUTSAL_MUHAFIZ | K23: Destek Ağı | L23: Gökyüzü Hâkimi'nin ışığını ödünç aldı. Her şifa kanadından bir tüy yakar; yere düşmeden kurtarmak istediği son kişi düşmanıdır. | M23: =LEN(L23) -> 127 | N23: =IF(L23="","Eksik",IF(M23<=130,"Uygun","130 karakteri aşıyor")) -> Uygun | O23: 9 | P23: Göksel otoriteye bedel fikri ekleniyor.
A24: 23 | B24: Hayat_Armonisti | C24: Destek | D24: Yaygın | E24: 1 | F24: Elf | G24: Kadın | H24: Fırtına | I24: Fırtına Hattı | J24: Firtina_Celik; Simsek_Askeri; FIRTINA_DOVUSCUSU; Yildirim_Muhafizi; Ruzgar_Efendisi; YILDIRIM_ADEPTI; Kritik_Firtina_INSAN; Firtina_Yikici; Firtina_Aslani; Firtina_Efendisi | K24: Destek Ağı | L24: Şimşek Askeri'nin bozulan kalp ritmine bir ezgi yazdı. Savaş bitince şarkıyı susturamadı; o kalp artık yalnız sesiyle atar. | M24: =LEN(L24) -> 123 | N24: =IF(L24="","Eksik",IF(M24<=130,"Uygun","130 karakteri aşıyor")) -> Uygun | O24: 10 | P24: Savaş temposu ve destek ritmi arasında profesyonel bağ.
A25: 24 | B25: Zamanin_Yoldasi | C25: Destek | D25: Yaygın | E25: 1 | F25: Astral | G25: Erkek | H25: Zaman | I25: Zaman ve Arkan Kırığı | J25: Zaman_Efendisi; ZAMAN_BUYUCUSU; Kader_Orgusu_Arkan_buyucusu; BOYUT_USTASI_bukucu; BOYUT_KATILI; KIYAMET_BUYUCUSU; Kiyamet_Askeri; SAVAS_LORDU; Kehanetci; Buyuk_Arcana | K25: Destek Ağı | L25: Zaman Efendisi'nin kırık saatini saklar. Dostlarına kazandırdığı her saniye, evde bekleyenlerin ömründen sessizce eksilir. | M25: =LEN(L25) -> 122 | N25: =IF(L25="","Eksik",IF(M25<=130,"Uygun","130 karakteri aşıyor")) -> Uygun | O25: 10 | P25: Zaman nesnesi üzerinden ninja/büyücü geçişi.
A26: 25 | B26: Kutsal_Sifaci | C26: Destek | D26: Yaygın | E26: 1 | F26: İnsan | G26: Kadın | H26: Gölge | I26: Kutsal Taht | J26: Kutsal_Asker; Kutsal_Zirh; Tacsiz_Muhafiz; KUTSAL_KILIC; ZAFER_MELEGI; GOKYUZU_HAKIMI; ISIK_USTASI; Savunma_Prensesi_Insan; KUTSAL_MUHAFIZ | K26: Destek Ağı | L26: Kutsal Taht'ın idam ettiği askeri diriltti. Hem cellatlar hem kurtardığı can peşinde; mezardan dönen kişi gerçeği hatırlıyor. | M26: =LEN(L26) -> 125 | N26: =IF(L26="","Eksik",IF(M26<=130,"Uygun","130 karakteri aşıyor")) -> Uygun | O26: 9 | P26: Şifa ahlakî mahkemeye dönüşüyor.
A27: 26 | B27: Evrenin_Korumacisi | C27: Destek | D27: Yaygın | E27: 1 | F27: Astral | G27: Erkek | H27: Astral | I27: Yıldız ve Evren Yarığı | J27: Altin_Yildiz; Gok_Yildizi; Galaktik_Bilgisi; Astral_Savunucu; EVREN_BUYUCUSU; EVREN_KORUYUCUSU; Aetherin_Efendisi; BUYU_TANRISI; SAVAS_TANRISI; KAOS_SAMPIYONU | K27: Destek Ağı | L27: Astral Savunucu'nun zırhındaki yarığı onardı. İçine sığınan kayıp yıldızı korumak için göğün bütün yasalarına karşı durur. | M27: =LEN(L27) -> 122 | N27: =IF(L27="","Eksik",IF(M27<=130,"Uygun","130 karakteri aşıyor")) -> Uygun | O27: 10 | P27: Zırh tamiri değil, kozmik yasa onarımı.
A28: 27 | B28: Yasamin_Bekcisi | C28: Destek | D28: Yaygın | E28: 1 | F28: Elf | G28: Kadın | H28: Fırtına | I28: Yaşam ve Ölüm Eşiği | J28: YASAM_TANRISI; IYILESTIRME_TANRISI; OLUM_TANRISI; Sonsuz_Savunma; Kanli_Kalkan; YASAM_EFENDISI; Kadim_Yasam_Efendisi; KADIM_SIFACI; Efsanevi_Iyilestirici; Sonsuz_Yasamin_Bekcisi | K28: Destek Ağı | L28: Ölümle yaşamın eşiğinde adları kontrol eder. Bir gün listede kendi adını buldu; kalemi kırıp nöbetini bırakmamayı seçti. | M28: =LEN(L28) -> 120 | N28: =IF(L28="","Eksik",IF(M28<=130,"Uygun","130 karakteri aşıyor")) -> Uygun | O28: 10 | P28: Yaşam/ölüm dengesini tanrısal protokole bağlar.
A29: 28 | B29: Felsefe_Sifacisi | C29: Destek | D29: Yaygın | E29: 1 | F29: İnsan | G29: Erkek | H29: Arkan | I29: Zihin ve Felsefe Mahkemesi | J29: Felsefe_Buyucusu; Yuce_Akil; Korku_Imparatoru_golge; Korgoz_Suikastci_Cuce; Buyuk_Tehlike; Karanlik_Kader; Kader_Orgusu_Arkan_buyucusu; SAVAS_TANRISI | K29: Destek Ağı | L29: Felsefe Büyücüsü acının gereksiz olduğunu söyledi. Onu iyileştirince merhameti de kayboldu; şimdi sildiği yarayı geri arıyor. | M29: =LEN(L29) -> 125 | N29: =IF(L29="","Eksik",IF(M29<=130,"Uygun","130 karakteri aşıyor")) -> Uygun | O29: 8 | P29: Düşünsel güç savaş gücünden üstün bir an kazanır.
... A41: 40 | B41: Sonsuz_Umut | C41: Destek | D41: Nadir | E41: 2 | F41: Melek | G41: Kadın | H41: Fırtına | I41: Kutsal Taht | J41: Kutsal_Asker; Kutsal_Zirh; Tacsiz_Muhafiz; KUTSAL_KILIC; ZAFER_MELEGI; GOKYUZU_HAKIMI; ISIK_USTASI; Savunma_Prensesi_Insan; KUTSAL_MUHAFIZ | K41: Destek Ağı | L41: Kutsal Taht'ın zafer defterine ölenlerin adını yazdı. Her iyileştirdiği askere aynı sözü verir: Seni kimse tarihten silemeyecek. | M41: =LEN(L41) -> 128 | N41: =IF(L41="","Eksik",IF(M41<=130,"Uygun","130 karakteri aşıyor")) -> Uygun | O41: 9 | P41: Zafer propagandasına karşı etik kayıt.
A42: 41 | B42: Isigin_Murekkep | C42: Destek | D42: Nadir | E42: 2 | F42: İnsan | G42: Erkek | H42: Arkan | I42: Kutsal Taht | J42: Kutsal_Asker; Kutsal_Zirh; Tacsiz_Muhafiz; KUTSAL_KILIC; ZAFER_MELEGI; GOKYUZU_HAKIMI; ISIK_USTASI; Savunma_Prensesi_Insan; KUTSAL_MUHAFIZ | K42: Destek Ağı | L42: Taçsız Muhafız'ın yemininin altına adını yazdı. Hükümdar sözünü her bozduğunda mürekkep derisini yakar; yine de defteri saklar. | M42: 127 | N42: Uygun | O42: 9 | P42: Yazı/ferman üzerinden taht hukukunu kurar.
A43: 42 | B43: Mistik_Hayat | C43: Destek | D43: Nadir | E43: 2 | F43: Elf | G43: Kadın | H43: Arkan | I43: Zehir ve Gizli Savaş | J43: Zehir_Bicagi_Insan; Zehirli_Ruya; Zehirli_Intikamci; Poisoned_Knife_Insan; Gece_Yilani_Surungensoy; Kara_Pence; Kritik_Kara_Pence_Golge; Yikici_Sovalye | K43: Destek Ağı | L43: Zehirli Rüya'da bir çocuğun geleceğini gördü. Onu iyileştirirse felaket doğacak; şifacı elleri bir yaraya uzanırken titrer. | M43: =LEN(L43) -> 123 | N43: =IF(L43="","Eksik",IF(M43<=130,"Uygun","130 karakteri aşıyor")) -> Uygun | O43: 8 | P43: Kötü etkiyi silmek yerine kehanete dönüştürür.
A44: 43 | B44: Kadim_Ruh_Koruyucusu | C44: Destek | D44: Nadir | E44: 2 | F44: Astral | G44: Erkek | H44: Kaos | I44: Kaos ve Kıyamet Düğümü | J44: KIYAMET_SAVASCISI; KIYAMET_BUYUCUSU; KIYAMET_SUIKASTCISI; Kiyamet_Askeri; KAOS_GOLGESI; Karanlik_Kader; Yikim_Tanrisi; Yikim_Avcisi; Yikici_Sovalye; EFSANE_GLADYATOR | K44: Destek Ağı | L44: Kaos Gölgesi'ni atalarının ruhlarıyla mühürledi. Mührü her yenilediğinde bir atası unutulur; sonuncusu kendi adını fısıldıyor. | M44: =LEN(L44) -> 126 | N44: =IF(L44="","Eksik",IF(M44<=130,"Uygun","130 karakteri aşıyor")) -> Uygun | O44: 10 | P44: Bir tehdidi durdurmak daha büyük tehdidi uyandırır.
A45: 44 | B45: Yasamin_Isigi | C45: Destek | D45: Nadir | E45: 2 | F45: İnsan | G45: Kadın | H45: Gölge | I45: Demir Cephe | J45: CELIK_KILIC; DEMIR_MUHAFIZ; KIZIL_SAVASCI; Kutsal_Savunma; ATES_CIRAGI; Zehir_Bicagi_Insan; KANLI_GOLGE; Kaya_Bekcisi_hayvan | K45: Destek Ağı | L45: Kanlı Gölge'nin izini yaralılarda buldu. Komutanının katil olduğunu görünce, ışığını saklanan bir suçu açmakta kullandı. | M45: =LEN(L45) -> 120 | N45: =IF(L45="","Eksik",IF(M45<=130,"Uygun","130 karakteri aşıyor")) -> Uygun | O45: 8 | P45: Kanlı motif adalet filtresine dönüşür.
A46: 45 | B46: Mistik_Yoldas | C46: Destek | D46: Nadir | E46: 2 | F46: Astral | G46: Erkek | H46: Arkan | I46: Zaman ve Arkan Kırığı | J46: Zaman_Efendisi; ZAMAN_BUYUCUSU; Kader_Orgusu_Arkan_buyucusu; BOYUT_USTASI_bukucu; BOYUT_KATILI; KIYAMET_BUYUCUSU; Kiyamet_Askeri; SAVAS_LORDU; Kehanetci; Buyuk_Arcana | K46: Destek Ağı | L46: Boyut Katili'yle geçtiği kapıda adını yitirdi. Dostları onu her sabah unutur; o, her gece aynı canları yeniden korumayı seçer. | M46: =LEN(L46) -> 126 | N46: =IF(L46="","Eksik",IF(M46<=130,"Uygun","130 karakteri aşıyor")) -> Uygun | O46: 10 | P46: Geçit bilgisi suikastçının kendi avına dönüşür.
A47: 46 | B47: Evrenin_Iyilestiricisi | C47: Destek | D47: Nadir | E47: 2 | F47: Astral | G47: Kadın | H47: Astral | I47: Yıldız ve Evren Yarığı | J47: Altin_Yildiz; Gok_Yildizi; Galaktik_Bilgisi; Astral_Savunucu; EVREN_BUYUCUSU; EVREN_KORUYUCUSU; Aetherin_Efendisi; BUYU_TANRISI; SAVAS_TANRISI; KAOS_SAMPIYONU | K47: Destek Ağı | L47: Evren Büyücüsü'nün yarığını yıldızlarla dikti. Dikişin ötesinde ailesi kaldı; evreni iyileştiren elleri o yarayı açmayı da bilir. | M47: =LEN(L47) -> 129 | N47: =IF(L47="","Eksik",IF(M47<=130,"Uygun","130 karakteri aşıyor")) -> Uygun | O47: 10 | P47: Kapanmayan yara, evren haritasında sınır olur.
A48: 47 | B48: Isigin_Yukselisi | C48: Destek | D48: Nadir | E48: 2 | F48: İnsan | G48: Erkek | H48: Gölge | I48: Gölge Antlaşması | J48: KARA_SOVALYE; Karanlik_Savasci; Golge_Kalkani; GOLGE_LORDU; GOLGELER_EFENDISI; GOLGE_BUYUCUSU; Zifiri_Buyucu; ABIS_GARDIYANI_golge; Kara_Pence; Kritik_Golge_Golge | K48: Destek Ağı | L48: Kara Şövalye'nin zırhında annesinin duasını buldu. Düşmanını iyileştirdiği gün öğrendi: Işık, hep doğru taraftan yükselmiyordu. | M48: =LEN(L48) -> 127 | N48: =IF(L48="","Eksik",IF(M48<=130,"Uygun","130 karakteri aşıyor")) -> Uygun | O48: 10 | P48: Düşmanı yok etmek yerine gizli yemini açığa çıkarır.
A49: 48 | B49: Tanrisal_Sifaci | C49: Destek | D49: Nadir | E49: 2 | F49: Tanrısal | G49: Nötr | H49: Buz | I49: Yaşam ve Ölüm Eşiği | J49: YASAM_TANRISI; IYILESTIRME_TANRISI; OLUM_TANRISI; Sonsuz_Savunma; Kanli_Kalkan; YASAM_EFENDISI; Kadim_Yasam_Efendisi; KADIM_SIFACI; Efsanevi_Iyilestirici; Sonsuz_Yasamin_Bekcisi | K49: Destek Ağı | L49: Ölüm Tanrısı'ndan bir canı geri aldı. Mucize isteyenler kapısına yığılırken o, dönen kişinin gözlerinde eksilen şeyi arar. | M49: =LEN(L49) -> 122 | N49: =IF(L49="","Eksik",IF(M49<=130,"Uygun","130 karakteri aşıyor")) -> Uygun | O49: 10 | P49: Tanrısal gücü ölümlü sesine bağlayan kritik düğüm.
A50: 49 | B50: ZAMAN_SIFACISI | C50: Destek | D50: Ender | E50: 3 | F50: İnsan | G50: Kadın | H50: Gölge | I50: Zaman ve Arkan Kırığı | J50: Zaman_Efendisi; ZAMAN_BUYUCUSU; Kader_Orgusu_Arkan_buyucusu; BOYUT_USTASI_bukucu; BOYUT_KATILI; KIYAMET_BUYUCUSU; Kiyamet_Askeri; SAVAS_LORDU; Kehanetci; Buyuk_Arcana | K50: Destek Ağı | L50: Kıyamet'in vurduğu anı geri sardı. Herkes kurtuldu ama onu seven kişi hiç tanışmadıklarını söylüyor; yeni geleceğin bedeli budur. | M50: =LEN(L50) -> 129 | N50: =IF(L50="","Eksik",IF(M50<=130,"Uygun","130 karakteri aşıyor")) -> Uygun | O50: 10 | P50: Zaman üstü onarım; Multi seviyesine doğrudan köprü.
A51: 50 | B51: RUH_SAMANI | C51: Destek | D51: Ender | E51: 3 | F51: İnsan | G51: Erkek | H51: Gölge | I51: Gölge Antlaşması | J51: KARA_SOVALYE; Karanlik_Savasci; Golge_Kalkani; GOLGE_LORDU; GOLGELER_EFENDISI; GOLGE_BUYUCUSU; Zifiri_Buyucu; ABIS_GARDIYANI_golge; Kara_Pence; Kritik_Golge_Golge | K51: Destek Ağı | L51: Gölge Lordu'yla ölüleri almak için anlaştı. Çağırdığı her ruh kalkanını güçlendirir; karşılığında bir anısını gölgeye bırakır. | M51: =LEN(L51) -> 126 | N51: =IF(L51="","Eksik",IF(M51<=130,"Uygun","130 karakteri aşıyor")) -> Uygun | O51: 10 | P51: Gölge lordluğu ile ruh bedeli arasında ağır pazarlık.
A52: 51 | B52: YASAM_USTASI | C52: Destek | D52: Ender | E52: 3 | F52: İnsan | G52: Kadın | H52: Kaos | I52: Yaşam ve Ölüm Eşiği | J52: YASAM_TANRISI; IYILESTIRME_TANRISI; OLUM_TANRISI; Sonsuz_Savunma; Kanli_Kalkan; YASAM_EFENDISI; Kadim_Yasam_Efendisi; KADIM_SIFACI; Efsanevi_Iyilestirici; Sonsuz_Yasamin_Bekcisi | K52: Destek Ağı | L52: Yaşamla ölüm arasında canları paylaştırmayı öğrendi. En sevdiği kişiyi kurtaracak güç elindeyken, denge ondan vazgeçmesini istedi. | M52: =LEN(L52) -> 130 | N52: =IF(L52="","Eksik",IF(M52<=130,"Uygun","130 karakteri aşıyor")) -> Uygun | O52: 10 | P52: Zafer yerine kozmik müzakere kurar.
A53: 52 | B53: Zamanin_Rehberi | C53: Destek | D53: Ender | E53: 3 | F53: İnsan | G53: Erkek | H53: Kaos | I53: Kaos ve Kıyamet Düğümü | J53: KIYAMET_SAVASCISI; KIYAMET_BUYUCUSU; KIYAMET_SUIKASTCISI; Kiyamet_Askeri; KAOS_GOLGESI; Karanlik_Kader; Yikim_Tanrisi; Yikim_Avcisi; Yikici_Sovalye; EFSANE_GLADYATOR | K53: Destek Ağı | L53: Kıyamet Savaşçısı'na son saniyeyi gösterdi. Her gelecekte dünya kurtuluyordu; hiçbirinde kahramanın eve döndüğünü söylemedi. | M53: =LEN(L53) -> 124 | N53: =IF(L53="","Eksik",IF(M53<=130,"Uygun","130 karakteri aşıyor")) -> Uygun | O53: 10 | P53: Kahramanı kaçıştan alıp seçim noktasına zorlar.
A54: 53 | B54: Kadim_Yasam_Efendisi | C54: Destek | D54: Ender | E54: 3 | F54: Elf | G54: Erkek | H54: Yaşam | I54: Yıldız ve Evren Yarığı | J54: Altin_Yildiz; Gok_Yildizi; Galaktik_Bilgisi; Astral_Savunucu; EVREN_BUYUCUSU; EVREN_KORUYUCUSU; Aetherin_Efendisi; BUYU_TANRISI; SAVAS_TANRISI; KAOS_SAMPIYONU | K54: Destek Ağı | L54: Evren Koruyucusu'nun zırhına ilk yaşamın anısını üfledi. Zırh neden savaştığını sorunca, tanrılardan saklanan gerçeği duydu. | M54: =LEN(L54) -> 124 | N54: =IF(L54="","Eksik",IF(M54<=130,"Uygun","130 karakteri aşıyor")) -> Uygun | O54: 10 | P54: Tank zırhı bilinç ve hüküm sahibi olur.
... A80: 79 | B80: Korku_Imparatoru_golge | C80: Ninja | D80: Yaygın | E80: 1 | F80: Gölge | G80: Belirsiz | H80: Zihin | I80: Gölge Fermanı | J80: Hayat_Rehberi; Mistik_Kral; Ejderha_Savascisi | K80: Sınır Muhafazası | L80: Mistik Kral'ın bastırdığı korkulardan bir taht kurdu. Herkesi titretebilir; yalnız uyuduğunda kendi kâbuslarının önünde diz çöker. | M80: =LEN(L80) -> 130 | N80: =IF(L80="","Eksik",IF(M80<=130,"Uygun","130 karakteri aşıyor")) -> Uygun | O80: 3 | P80: Gölge Fermanı düğümünde Ninja sınıfının evren bağlantısı güçlendirildi.
A81: 80 | B81: Savas_Fisildayicisi | C81: Ninja | D81: Yaygın | E81: 1 | F81: Gölge | G81: Kadın | H81: Savaş | I81: Gölge Fermanı | J81: Evren_Sifacisi; Zamanin_Bukucusu; Tacsiz_Muhafiz; Kutsal_Savunma | K81: Yemin Halkası | L81: Taçsız Muhafız'a verilen son emri çaldı. Bir fısıltıyla orduları yönlendirir; kendi düşüncelerinin kime ait olduğunu ise bilmez. | M81: 128 | N81: Uygun | O81: 4 | P81: Gölge Fermanı düğümünde Ninja sınıfının evren bağlantısı güçlendirildi.
A82: 81 | B82: Kritik_Firtina_INSAN | C82: Ninja | D82: Yaygın | E82: 1 | F82: İnsan | G82: Erkek | H82: Fırtına | I82: Fırtına Divanı | J82: Isik_Vekili; Gok_Tanricesi; Firtina_Zirhli | K82: Cephe Tanıklığı | L82: Fırtına Divanı'nda beş hançerle hükmü durdurdu. Altıncıyı bağışladığı yargıç, her gece onun hakkında yeni bir ölüm emri yazıyor. | M82: =LEN(L82) -> 128 | N82: =IF(L82="","Eksik",IF(M82<=130,"Uygun","130 karakteri aşıyor")) -> Uygun | O82: 3 | P82: Fırtına Divanı düğümünde Ninja sınıfının evren bağlantısı güçlendirildi.
A83: 82 | B83: Karabuyu_Suikastci_GOLGE | C83: Ninja | D83: Yaygın | E83: 1 | F83: Elf | G83: Belirsiz | H83: Gölge | I83: Gölge Fermanı | J83: Mistik_Sifaci; Karanlik_Kader; Alevli_Savasci; Alev_Kalkani_Cuce | K83: Borç Kaydı | L83: Mistik Şifacı'nın çözemediği laneti silah yaptı. Çaldığı büyü onu güçlendirir; her zaferde dostlarının yüzlerinden birini unutur. | M83: =LEN(L83) -> 129 | N83: =IF(L83="","Eksik",IF(M83<=130,"Uygun","130 karakteri aşıyor")) -> Uygun | O83: 4 | P83: Gölge Fermanı düğümünde Ninja sınıfının evren bağlantısı güçlendirildi.
A84: 83 | B84: Mortal_Shadow_Golge | C84: Ninja | D84: Yaygın | E84: 1 | F84: Gölge | G84: Belirsiz | H84: Yaşam | I84: Gölge Fermanı | J84: Hayat_Fisildayicisi; Isigin_Yikicisi; Guclu_Savas_Efendisi | K84: Sınır Muhafazası | L84: Hayat Fısıldayıcısı ona ikinci nefesi verdi. Ölümsüz sanılan gölgeler arasında, ölümü kabullenmesi herkesi korkutur. | M84: =LEN(L84) -> 116 | N84: =IF(L84="","Eksik",IF(M84<=130,"Uygun","130 karakteri aşıyor")) -> Uygun | O84: 3 | P84: Gölge Fermanı düğümünde Ninja sınıfının evren bağlantısı güçlendirildi.
A85: 84 | B85: Korgoz_Suikastci_Cuce | C85: Ninja | D85: Yaygın | E85: 1 | F85: Cüce | G85: Erkek | H85: Toprak | I85: Gölge Fermanı | J85: Kadim_Ruh_Samani; Elemental_Tanri; Yikici_Gladyator; Savas_Tanrisi_Tanrisal_Olumsuz | K85: Yemin Halkası | L85: Maden çökünce gözlerini yitirdi; Ruh Şamanı kalpleri dinlemeyi öğretti. Hiç çarpmayan bir kalbi duyduğu gece av olmaya başladı. | M85: =LEN(L85) -> 127 | N85: =IF(L85="","Eksik",IF(M85<=130,"Uygun","130 karakteri aşıyor")) -> Uygun | O85: 4 | P85: Gölge Fermanı düğümünde Ninja sınıfının evren bağlantısı güçlendirildi.
A86: 85 | B86: Between_The_Shadows_Golge | C86: Ninja | D86: Yaygın | E86: 1 | F86: Gölge | G86: Belirsiz | H86: Ateş | I86: Gölge Fermanı | J86: Isigin_Efendisi; Buyulu_Zirve; Kutsal_Zirh | K86: Cephe Tanıklığı | L86: Işığın Efendisi'nden kaçarken iki gölge arasına sığındı. Her dönüşünde bir yıl geçer; evinin kapısı bir yabancıya açılır. | M86: =LEN(L86) -> 121 | N86: =IF(L86="","Eksik",IF(M86<=130,"Uygun","130 karakteri aşıyor")) -> Uygun | O86: 3 | P86: Gölge Fermanı düğümünde Ninja sınıfının evren bağlantısı güçlendirildi.
A87: 86 | B87: Fisildayan_Hancer_Insan | C87: Ninja | D87: Yaygın | E87: 1 | F87: Gölge | G87: Erkek | H87: Buz | I87: Gölge Fermanı | J87: Hayat_Armonisti; Goklerin_Efendisi; Ejderha_Kafali; Hancer_Zirhi_Cuce | K87: Borç Kaydı | L87: Hayat Armonisti'nin çalınan sesini hançerinde buldu. Her atışta eski ezgi yükselir; bıçağı kırarsa sesi sahibine geri verebilecek. | M87: =LEN(L87) -> 130 | N87: =IF(L87="","Eksik",IF(M87<=130,"Uygun","130 karakteri aşıyor")) -> Uygun | O87: 4 | P87: Gölge Fermanı düğümünde Ninja sınıfının evren bağlantısı güçlendirildi.
A88: 87 | B88: God_Of_Secrecy_Insan | C88: Ninja | D88: Yaygın | E88: 1 | F88: Gölge | G88: Erkek | H88: Ateş | I88: Gölge Fermanı | J88: Zamanin_Yoldasi; Yuce_Akil; Buyuk_Kanli_Asker | K88: Sınır Muhafazası | L88: Yüce Akıl bile adını bulamadığı için ona tanrı dedi. Aslında bir insandır; silinen kimliğinin altında kime söz verdiğini arar. | M88: =LEN(L88) -> 126 | N88: =IF(L88="","Eksik",IF(M88<=130,"Uygun","130 karakteri aşıyor")) -> Uygun | O88: 3 | P88: Gölge Fermanı düğümünde Ninja sınıfının evren bağlantısı güçlendirildi.
A89: 88 | B89: Infinite_Blade_Insan | C89: Ninja | D89: Yaygın | E89: 1 | F89: Gölge | G89: Erkek | H89: Zaman | I89: Gölge Fermanı | J89: Kutsal_Sifaci; Kadim_Guc; Zirhli_Efendi; AgirZirh_insan | K89: Yemin Halkası | L89: Kadim Güç'ün sınavında durmadan vurdu, kazandığını duymadı. Artık her bıçak yağmuru, sonunu hatırlamadığı o düellonun devamıdır. | M89: =LEN(L89) -> 128 | N89: =IF(L89="","Eksik",IF(M89<=130,"Uygun","130 karakteri aşıyor")) -> Uygun | O89: 4 | P89: Gölge Fermanı düğümünde Ninja sınıfının evren bağlantısı güçlendirildi.
A90: 89 | B90: Gece_Yilani_Surungensoy | C90: Ninja | D90: Yaygın | E90: 1 | F90: Sürüngensoy | G90: Erkek | H90: Işık | I90: Gölge Fermanı | J90: Evrenin_Korumacisi; Felsefe_Buyucusu; Firtina_Kilici | K90: Cephe Tanıklığı | L90: Zehirli Vasiyet'i derisinin altında taşır. Her değiştirdiği kabukta bir ad belirir; sıradaki kurbanın kendisi olmasından korkar. | M90: =LEN(L90) -> 128 | N90: =IF(L90="","Eksik",IF(M90<=130,"Uygun","130 karakteri aşıyor")) -> Uygun | O90: 3 | P90: Gölge Fermanı düğümünde Ninja sınıfının evren bağlantısı güçlendirildi.
A91: 90 | B91: Karanlik_Fisildayici_Golge | C91: Ninja | D91: Yaygın | E91: 1 | F91: Gölge | G91: Belirsiz | H91: Gölge | I91: Gölge Fermanı | J91: Yasamin_Bekcisi; Kehanetci; Kutsal_Pence; Demir_Kafes_Insan | K91: Borç Kaydı | L91: Kehanetçi'nin söylemeye korktuğu sözü fısıldadı. Şimdi düşmanın zihnine girer; her dönüşte içindeki bir sesi dışarıda bırakır. | M91: =LEN(L91) -> 126 | N91: =IF(L91="","Eksik",IF(M91<=130,"Uygun","130 karakteri aşıyor")) -> Uygun | O91: 4 | P91: Gölge Fermanı düğümünde Ninja sınıfının evren bağlantısı güçlendirildi.
A92: 91 | B92: Kritik_Kara_Pence_Golge | C92: Ninja | D92: Yaygın | E92: 1 | F92: Gölge | G92: Belirsiz | H92: Gölge | I92: Gölge Fermanı | J92: Felsefe_Sifacisi; Buyuk_Arcana; Zirve_Efendisi | K92: Sınır Muhafazası | L92: Zirve Efendisi'nin zırhında tek bir açık buldu. Pençesini indirmediği o an yüzünden sürüldü; merhameti kusur sayan ustasını avlar. | M92: =LEN(L92) -> 130 | N92: =IF(L92="","Eksik",IF(M92<=130,"Uygun","130 karakteri aşıyor")) -> Uygun | O92: 3 | P92: Gölge Fermanı düğümünde Ninja sınıfının evren bağlantısı güçlendirildi.
A93: 92 | B93: Ghostbuster_Golge | C93: Ninja | D93: Yaygın | E93: 1 | F93: Gölge | G93: Belirsiz | H93: Enerji | I93: Gölge Fermanı | J93: Enerji_Dagiticisi; Galaktik_Bilgisi; Firtina_Lordu; Golge_Zirhi_Tanrisal_Olumsuz | K93: Yemin Halkası | L93: Enerji Dağıtıcısı'yla ruhları görünür kıldı. İlk yakaladığı hayalet katilini değil, onu işaret edince avın anlamı değişti. | M93: =LEN(L93) -> 122 | N93: =IF(L93="","Eksik",IF(M93<=130,"Uygun","130 karakteri aşıyor")) -> Uygun | O93: 4 | P93: Gölge Fermanı düğümünde Ninja sınıfının evren bağlantısı güçlendirildi.
... A143: 142 | B143: Buz_Zirhi_Ejdersoy | C143: Tank | D143: Yaygın | E143: 1 | F143: Ejdersoy | G143: Belirsiz | H143: Buz | I143: Buz Mührü | J143: Evren_Sifacisi; Ejderha_Savascisi; Gok_Tanricesi; Mortal_Shadow_Golge | K143: Yemin Halkası | L143: Ejder ateşini durdurmak için Buz Mührü'ne dokundu. Pullarında donan son nefes erirse, koruduğu köy o yangını yeniden yaşayacak. | M143: =LEN(L143) -> 127 | N143: =IF(L143="","Eksik",IF(M143<=130,"Uygun","130 karakteri aşıyor")) -> Uygun | O143: 4 | P143: Buz Mührü düğümünde Tank sınıfının evren bağlantısı güçlendirildi.
A144: 143 | B144: Yelkenli_Zirh_Insan | C144: Tank | D144: Yaygın | E144: 1 | F144: İnsan | G144: Belirsiz | H144: Fırtına | I144: Çelik Yemin | J144: Isik_Vekili; Tacsiz_Muhafiz; Karanlik_Kader | K144: Cephe Tanıklığı | L144: Taçsız Muhafız'ın batan gemisinden yelkeni kurtardı. Zırhındaki kumaş rüzgâr toplar; üstündeki aile arması hiç kurumaz. | M144: 119 | N144: Uygun | O144: 3 | P144: Çelik Yemin düğümünde Tank sınıfının evren bağlantısı güçlendirildi.
A145: 144 | B145: Zirh_Krali_Cuce | C145: Tank | D145: Yaygın | E145: 1 | F145: Cüce | G145: Belirsiz | H145: Işık | I145: Çelik Yemin | J145: Mistik_Sifaci; Firtina_Zirhli; Isigin_Yikicisi; Between_The_Shadows_Golge | K145: Borç Kaydı | L145: Cüce tahtını zırhla kazandı; taçları eritti. Halkının her kalkanında, eskiden yalnız kralların taşıdığı altın vardır. | M145: =LEN(L145) -> 117 | N145: =IF(L145="","Eksik",IF(M145<=130,"Uygun","130 karakteri aşıyor")) -> Uygun | O145: 4 | P145: Çelik Yemin düğümünde Tank sınıfının evren bağlantısı güçlendirildi.
A146: 145 | B146: Kutsal_Savunma | C146: Tank | D146: Yaygın | E146: 1 | F146: Cüce | G146: Erkek | H146: Işık | I146: Kutsal Yemin | J146: Hayat_Fisildayicisi; Alevli_Savasci; Elemental_Tanri | K146: Sınır Muhafazası | L146: Alevli Savaşçı'nın önünde kutsal yemin etti. Işığı onu her hain darbeden korur; dostunun kılıcında neden söndüğünü arar. | M146: =LEN(L146) -> 120 | N146: =IF(L146="","Eksik",IF(M146<=130,"Uygun","130 karakteri aşıyor")) -> Uygun | O146: 3 | P146: Kutsal Yemin düğümünde Tank sınıfının evren bağlantısı güçlendirildi.
A147: 146 | B147: Kum_Zirhli_Cuce | C147: Tank | D147: Yaygın | E147: 1 | F147: Cüce | G147: Belirsiz | H147: Toprak | I147: Çelik Yemin | J147: Kadim_Ruh_Samani; Guclu_Savas_Efendisi; Buyulu_Zirve; God_Of_Secrecy_Insan | K147: Yemin Halkası | L147: Gömülen cüce ocağının son bekçisidir. Zırhındaki her taneyi evine taşır; rüzgâr her gece biriktirdiği yolu dağıtır. | M147: =LEN(L147) -> 115 | N147: =IF(L147="","Eksik",IF(M147<=130,"Uygun","130 karakteri aşıyor")) -> Uygun | O147: 4 | P147: Çelik Yemin düğümünde Tank sınıfının evren bağlantısı güçlendirildi.
A148: 147 | B148: Alev_Kalkani_Cuce | C148: Tank | D148: Yaygın | E148: 1 | F148: Cüce | G148: Belirsiz | H148: Ateş | I148: Kızıl Antlaşma | J148: Isigin_Efendisi; Yikici_Gladyator; Goklerin_Efendisi | K148: Cephe Tanıklığı | L148: Yıkıcı Gladyatör'ün kırdığı kalkanı lavda dövdü. Ateş darbeleri geri yollar; ama bir dost dokununca kendisi yanmayı seçer. | M148: =LEN(L148) -> 122 | N148: =IF(L148="","Eksik",IF(M148<=130,"Uygun","130 karakteri aşıyor")) -> Uygun | O148: 3 | P148: Kızıl Antlaşma düğümünde Tank sınıfının evren bağlantısı güçlendirildi.
A149: 148 | B149: Gumus_Zirh_Cuce | C149: Tank | D149: Yaygın | E149: 1 | F149: Cüce | G149: Belirsiz | H149: Metal | I149: Çelik Yemin | J149: Hayat_Armonisti; Kutsal_Zirh; Yuce_Akil; Gece_Yilani_Surungensoy | K149: Borç Kaydı | L149: Hayat Armonisti'nin ezgisini gümüşe işledi. Zırhı çınladıkça dostları güçlenir; savaşta yitirdiği sesi yalnız metalinde duyulur. | M149: =LEN(L149) -> 128 | N149: =IF(L149="","Eksik",IF(M149<=130,"Uygun","130 karakteri aşıyor")) -> Uygun | O149: 4 | P149: Çelik Yemin düğümünde Tank sınıfının evren bağlantısı güçlendirildi.
A150: 149 | B150: Savas_Tanrisi_Tanrisal_Olumsuz | C150: Tank | D150: Yaygın | E150: 1 | F150: Ölümsüz | G150: Belirsiz | H150: Savaş | I150: Kaos Tacı | J150: Zamanin_Yoldasi; Ejderha_Kafali; Kadim_Guc | K150: Sınır Muhafazası | L150: Kaos Tacı'nın ilk savaşından beri yenilmedi. Zamanın Yoldaşı boş meydanı gösterdi; kimse kalmayınca zaferin anlamını aradı. | M150: =LEN(L150) -> 123 | N150: =IF(L150="","Eksik",IF(M150<=130,"Uygun","130 karakteri aşıyor")) -> Uygun | O150: 3 | P150: Kaos Tacı düğümünde Tank sınıfının evren bağlantısı güçlendirildi.
A151: 150 | B151: FIRTINA_ZIRHI_Cuce | C151: Tank | D151: Yaygın | E151: 1 | F151: Cüce | G151: Belirsiz | H151: Fırtına | I151: Fırtına Divanı | J151: Kutsal_Sifaci; Buyuk_Kanli_Asker; Felsefe_Buyucusu; Kritik_Kara_Pence_Golge | K151: Yemin Halkası | L151: Fırtına Divanı'nın yıldırımını cüce zırhına hapsetti. Geri çekilirse fırtına köyüne dönecek; her savaşı yerinde karşılar. | M151: =LEN(L151) -> 121 | N151: =IF(L151="","Eksik",IF(M151<=130,"Uygun","130 karakteri aşıyor")) -> Uygun | O151: 4 | P151: Fırtına Divanı düğümünde Tank sınıfının evren bağlantısı güçlendirildi.
A152: 151 | B152: Hancer_Zirhi_Cuce | C152: Tank | D152: Yaygın | E152: 1 | F152: Cüce | G152: Belirsiz | H152: Zihin | I152: Çelik Yemin | J152: Evrenin_Korumacisi; Zirhli_Efendi; Kehanetci | K152: Cephe Tanıklığı | L152: Kehanetçi'nin gördüğü kuşatmaya hazırlandı. Ölülerinin hançerlerini zırhına gömdü; adları olmadan onları koruyamaz sanır. | M152: =LEN(L152) -> 121 | N152: =IF(L152="","Eksik",IF(M152<=130,"Uygun","130 karakteri aşıyor")) -> Uygun | O152: 3 | P152: Çelik Yemin düğümünde Tank sınıfının evren bağlantısı güçlendirildi.
A153: 152 | B153: Simsek_Kalkani_Cuce | C153: Tank | D153: Yaygın | E153: 1 | F153: Cüce | G153: Belirsiz | H153: Fırtına | I153: Fırtına Divanı | J153: Yasamin_Bekcisi; Firtina_Kilici; Buyuk_Arcana; Sinsi_Kilic_Golge | K153: Borç Kaydı | L153: Fırtına Kılıcı'nı korurken ilk yıldırımı kalkanında tuttu. Gök her gürlediğinde birini kurtarır, içindeki fırtına daha büyür. | M153: =LEN(L153) -> 125 | N153: =IF(L153="","Eksik",IF(M153<=130,"Uygun","130 karakteri aşıyor")) -> Uygun | O153: 4 | P153: Fırtına Divanı düğümünde Tank sınıfının evren bağlantısı güçlendirildi.
A154: 153 | B154: AgirZirh_insan | C154: Tank | D154: Yaygın | E154: 1 | F154: Astral | G154: Belirsiz | H154: Işık | I154: Çelik Yemin | J154: Felsefe_Sifacisi; Kutsal_Pence; Galaktik_Bilgisi | K154: Sınır Muhafazası | L154: Kutsal Pençe'yi bıraktığı gece kaçabilmişti. O utançla dövdüğü ağır zırh geri adım attırmaz; yalnız ileri yürümeyi bilir. | M154: =LEN(L154) -> 121 | N154: =IF(L154="","Eksik",IF(M154<=130,"Uygun","130 karakteri aşıyor")) -> Uygun | O154: 3 | P154: Çelik Yemin düğümünde Tank sınıfının evren bağlantısı güçlendirildi.
A155: 154 | B155: Ejderha_Zirhli_Ejdersoy | C155: Tank | D155: Yaygın | E155: 1 | F155: Ejdersoy | G155: Belirsiz | H155: Zehir | I155: Çelik Yemin | J155: Enerji_Dagiticisi; Zirve_Efendisi; Astral_Savunucu; Firtinali_Golge_Golge | K155: Yemin Halkası | L155: Zirve Efendisi'ne son ejder pulunu emanet etti. Bedenindeki zırh kırılırsa soyu bitecek; halkının bunu bilmeden güvenmesini ister. | M155: =LEN(L155) -> 130 | N155: =IF(L155="","Eksik",IF(M155<=130,"Uygun","130 karakteri aşıyor")) -> Uygun | O155: 4 | P155: Çelik Yemin düğümünde Tank sınıfının evren bağlantısı güçlendirildi.
A156: 155 | B156: Demir_Kafes_Insan | C156: Tank | D156: Yaygın | E156: 1 | F156: İnsan | G156: Erkek | H156: Metal | I156: Çelik Yemin | J156: Doga_Ustasi; Firtina_Lordu; Hayalet_Ustasi | K156: Cephe Tanıklığı | L156: Doğa Ustası'nı kurtarıp kafesini zırh yaptı. Dostlarını korudukça duvarları yükselir; siperinin ne zaman hapse dönüştüğünü arar. | M156: =LEN(L156) -> 128 | N156: =IF(L156="","Eksik",IF(M156<=130,"Uygun","130 karakteri aşıyor")) -> Uygun | O156: 3 | P156: Çelik Yemin düğümünde Tank sınıfının evren bağlantısı güçlendirildi.
... A312: 311 | B312: KAOS_SAMPIYONU | C312: Savaşçı | D312: Multi | E312: 5 | F312: Astral | G312: Belirsiz | H312: Kaos | I312: Tanrısal Kaos Tacı | J312: YASAM_TANRISI; Zirh_Tanrisi; EVREN_BUYUCUSU; OLUM_TANRISI; ZAMAN_BUKUCU; Butunlestirici; EJDER_PULLU_SOVALYE; Eski_Kitap_Ustasi; BOYUT_KATILI; Karanlik_Savasci | K312: Evren Mührü | L312: Zaman Bükücü'nün düzeltemediği andan doğdu. Herkes düzeni onarmasını ister; dünya kusursuz olursa varlığının silineceğini bilir. | M312: =LEN(L312) -> 128 | N312: =IF(L312="","Eksik",IF(M312<=130,"Uygun","130 karakteri aşıyor")) -> Uygun | O312: 10 | P312: Tanrısal Kaos Tacı düğümünde Savaşçı sınıfının evren bağlantısı güçlendirildi.

Sheet Destek
A1: ID | B1: Karakter | C1: Sınıf | D1: Nadirlik | E1: Önem Derecesi | F1: Irk | G1: Cinsiyet | H1: Element | I1: Hikâye Düğümü | J1: Bağlantı Karakterleri | K1: Bağlantı Türü | L1: Hikâye | M1: Hikâye Harf Sayısı | N1: 130 Kontrol | O1: Bağlantı Sayısı | P1: Profesyonel Not
A2: 1 | B2: CIRAK_SIFACI | C2: Destek | D2: Yaygın | E2: 1 | F2: İnsan | G2: Kadın | H2: Metal | I2: Demir Cephe | J2: CELIK_KILIC; DEMIR_MUHAFIZ; KIZIL_SAVASCI; Kutsal_Savunma; ATES_CIRAGI; Zehir_Bicagi_Insan; KANLI_GOLGE; Kaya_Bekcisi_hayvan | K2: Destek Ağı | L2: Çelik Kılıç'ı kurtarırken ustasını kaybetti. Artık zafer çığlıklarını değil, yardım isteyemeyen yaralıların sessizliğini dinler. | M2: =LEN(L2) -> 128 | N2: =IF(L2="","Eksik",IF(M2<=130,"Uygun","130 karakteri aşıyor")) -> Uygun | O2: 8 | P2: Açılış yarası; destek sınıfının cepheye ilk gerçek etkisi.
A3: 2 | B3: RUH_BEKCISI | C3: Destek | D3: Yaygın | E3: 1 | F3: İnsan | G3: Erkek | H3: Metal | I3: Ruh Borcu | J3: Olumsuz_Kilic; Demir_Asker_Tanrisal_Olumsuz; Tas_Yurekli_Tanrisal_Olumsuz; KARA_BUYUCUSU; Ruh_Yoneticisi; RUH_BICICI; Immortal_Shadow_golge; OLUMSUZ_KALKANLI_ASKER; Hayalet_Asker | K3: Destek Ağı | L3: Ölümsüz Kılıç'ın ruhunu kendi canına bağladı. Kurtardığı bedenler yaşarken, ölülerin yarım kalan yeminleri uykusunu çalar. | M3: =LEN(L3) -> 122 | N3: =IF(L3="","Eksik",IF(M3<=130,"Uygun","130 karakteri aşıyor")) -> Uygun | O3: 9 | P3: Ölümden sonra bile siyasi/ruhsal borç doğuran bağlantı.
A4: 3 | B4: UMUT_TASIYICI | C4: Destek | D4: Yaygın | E4: 1 | F4: İnsan | G4: Kadın | H4: Savaş | I4: Kutsal Taht | J4: Kutsal_Asker; Kutsal_Zirh; Tacsiz_Muhafiz; KUTSAL_KILIC; ZAFER_MELEGI; GOKYUZU_HAKIMI; ISIK_USTASI; Savunma_Prensesi_Insan; KUTSAL_MUHAFIZ | K4: Destek Ağı | L4: Taht düşerken Kutsal Asker'e yalan söyledi: Yardım geliyor. Şimdi taşıdığı ışık, o sözü gerçeğe dönüştürmek için ettiği yemindir. | M4: =LEN(L4) -> 129 | N4: =IF(L4="","Eksik",IF(M4<=130,"Uygun","130 karakteri aşıyor")) -> Uygun | O4: 9 | P4: Sıradan umut değil, ileride açılacak stratejik yemin.
A5: 4 | B5: Sifa_Yildizi | C5: Destek | D5: Yaygın | E5: 1 | F5: Elf | G5: Kadın | H5: Astral | I5: Yıldız ve Evren Yarığı | J5: Altin_Yildiz; Gok_Yildizi; Galaktik_Bilgisi; Astral_Savunucu; EVREN_BUYUCUSU; EVREN_KORUYUCUSU; Aetherin_Efendisi; BUYU_TANRISI; SAVAS_TANRISI; KAOS_SAMPIYONU | K5: Destek Ağı | L5: Kaybolan kardeşini yıldız haritasında arar. Her şifada bir yıldız söner; kurtardığı canlar eve dönüş yolunu yavaşça siler. | M5: =LEN(L5) -> 122 | N5: =IF(L5="","Eksik",IF(M5<=130,"Uygun","130 karakteri aşıyor")) -> Uygun | O5: 10 | P5: Astral harita üzerinden geri çağırma bağı.
A6: 5 | B6: Umut_Alevi | C6: Destek | D6: Yaygın | E6: 1 | F6: İnsan | G6: Erkek | H6: Ateş | I6: Alev ve Ejder Hattı | J6: Alevli_Savasci; ALEV_KILICI; Atesli_Kilic; Ates_Lordu; Alev_Krali; MAGMA_KORUYUCU; EJDER_PULLU_SOVALYE; Ejderha_Savascisi; Ejderha_Pencesi; ATES_CIRAGI | K6: Destek Ağı | L6: Alev Kılıcı'nın yaktığı köyden son közü kurtardı. İntikam için sakladığı ateş, ilk yaralıyı iyileştirince ona başka bir yol açtı. | M6: =LEN(L6) -> 129 | N6: =IF(L6="","Eksik",IF(M6<=130,"Uygun","130 karakteri aşıyor")) -> Uygun | O6: 10 | P6: Duygusal umut, askeri yasaya dönüşüyor.
A7: 6 | B7: Hayat_Akisi | C7: Destek | D7: Yaygın | E7: 1 | F7: Elf | G7: Kadın | H7: Fırtına | I7: Yaşam ve Ölüm Eşiği | J7: YASAM_TANRISI; IYILESTIRME_TANRISI; OLUM_TANRISI; Sonsuz_Savunma; Kanli_Kalkan; YASAM_EFENDISI; Kadim_Yasam_Efendisi; KADIM_SIFACI; Efsanevi_Iyilestirici; Sonsuz_Yasamin_Bekcisi | K7: Destek Ağı | L7: Nehrini kurtarmak için Ölüm Tanrısı'yla anlaştı. Suları herkese yaşam verir; yalnız içinden yükselen annesinin sesi hiç susmaz. | M7: =LEN(L7) -> 127 | N7: =IF(L7="","Eksik",IF(M7<=130,"Uygun","130 karakteri aşıyor")) -> Uygun | O7: 10 | P7: Yaşam akışı doğrudan tanrısal antlaşmaya bağlanıyor.
A8: 7 | B8: Kutsal_Isik | C8: Destek | D8: Yaygın | E8: 1 | F8: Melek | G8: Erkek | H8: Işık | I8: Kutsal Taht | J8: Kutsal_Asker; Kutsal_Zirh; Tacsiz_Muhafiz; KUTSAL_KILIC; ZAFER_MELEGI; GOKYUZU_HAKIMI; ISIK_USTASI; Savunma_Prensesi_Insan; KUTSAL_MUHAFIZ | K8: Destek Ağı | L8: Kutsal Taht'ın suçlu saydığı çocuğu iyileştirdiği için sürüldü. Kanatları söküldü ama ışığını kimin hak ettiğini kendisi seçer. | M8: =LEN(L8) -> 127 | N8: =IF(L8="","Eksik",IF(M8<=130,"Uygun","130 karakteri aşıyor")) -> Uygun | O8: 9 | P8: Işık, basit iyileştirme değil hüküm seçme aracı.
A9: 8 | B9: Sonsuz_Sifaci | C9: Destek | D9: Yaygın | E9: 1 | F9: Ölümsüz | G9: Kadın | H9: Ateş | I9: Yaşam ve Ölüm Eşiği | J9: YASAM_TANRISI; IYILESTIRME_TANRISI; OLUM_TANRISI; Sonsuz_Savunma; Kanli_Kalkan; YASAM_EFENDISI; Kadim_Yasam_Efendisi; KADIM_SIFACI; Efsanevi_Iyilestirici; Sonsuz_Yasamin_Bekcisi | K9: Destek Ağı | L9: Ölümsüzlüğünü bir köye adadı; köy yüzyıllar önce yok oldu. Şifa verdiği yüzlerde hâlâ ilk hastasının gülüşünü arar. | M9: =LEN(L9) -> 115 | N9: =IF(L9="","Eksik",IF(M9<=130,"Uygun","130 karakteri aşıyor")) -> Uygun | O9: 10 | P9: Şifa her zaman rahatlama değil; görev bedeli yaratıyor.
A10: 9 | B10: Isik_Yoldasi | C10: Destek | D10: Yaygın | E10: 1 | F10: İnsan | G10: Erkek | H10: Işık | I10: Gölge Antlaşması | J10: KARA_SOVALYE; Karanlik_Savasci; Golge_Kalkani; GOLGE_LORDU; GOLGELER_EFENDISI; GOLGE_BUYUCUSU; Zifiri_Buyucu; ABIS_GARDIYANI_golge; Kara_Pence; Kritik_Golge_Golge | K10: Destek Ağı | L10: Kara Şövalye'yi öldürmeye gitti, karanlıkta onunla sağ kaldı. Şimdi ışığı bir düşmanı değil, ikisinin de eve dönüş yolunu korur. | M10: =LEN(L10) -> 128 | N10: =IF(L10="","Eksik",IF(M10<=130,"Uygun","130 karakteri aşıyor")) -> Uygun | O10: 10 | P10: Işık-gölge geçişini kuran ara düğüm.
A11: 10 | B11: Doga_Efendisi | C11: Destek | D11: Yaygın | E11: 1 | F11: Elf | G11: Erkek | H11: Enerji | I11: Doğa ve Zirve Geçidi | J11: Zirve_Pencesi; Zirve_Kilici; Zirve_Efendisi; Kaya_Bekcisi_hayvan; Kum_Zirhli_Cuce; Gece_Yilani_Surungensoy; Vahsi_Elementalist; DOVUS_USTASI; Zirhli_Dev_Ejdersoy | K11: Destek Ağı | L11: Zirve Geçidi'ni köklerle mühürledi; ardında kendi halkı da kaldı. Ormanı koruyan her dal, bir gün yüzleşeceği o kararı hatırlatır. | M11: =LEN(L11) -> 130 | N11: =IF(L11="","Eksik",IF(M11<=130,"Uygun","130 karakteri aşıyor")) -> Uygun | O11: 9 | P11: Doğa, pasif ortam değil stratejik savunma alanı.
A12: 11 | B12: Zihinsel_Sifaci | C12: Destek | D12: Yaygın | E12: 1 | F12: İnsan | G12: Kadın | H12: Gölge | I12: Zihin ve Felsefe Mahkemesi | J12: Felsefe_Buyucusu; Yuce_Akil; Korku_Imparatoru_golge; Korgoz_Suikastci_Cuce; Buyuk_Tehlike; Karanlik_Kader; Kader_Orgusu_Arkan_buyucusu; SAVAS_TANRISI | K12: Destek Ağı | L12: Yüce Akıl'ın zihnini onardı, korkunç sırrını öğrendi. Hastasını koruma yeminiyle dünyayı uyarma isteği arasında anılarını siler. | M12: =LEN(L12) -> 128 | N12: =IF(L12="","Eksik",IF(M12<=130,"Uygun","130 karakteri aşıyor")) -> Uygun | O12: 8 | P12: Şifa edilen sır, başka bir karakterin silahına dönüşüyor.
A13: 12 | B13: Hayat_Koruyucusu | C13: Destek | D13: Yaygın | E13: 1 | F13: İnsan | G13: Erkek | H13: Metal | I13: Yaşam ve Ölüm Eşiği | J13: YASAM_TANRISI; IYILESTIRME_TANRISI; OLUM_TANRISI; Sonsuz_Savunma; Kanli_Kalkan; YASAM_EFENDISI; Kadim_Yasam_Efendisi; KADIM_SIFACI; Efsanevi_Iyilestirici; Sonsuz_Yasamin_Bekcisi | K13: Destek Ağı | L13: Kanlı Kalkan'ın ardında son nefesi sakladı. Ölüm onu geri istediğinde, bir yabancı uğruna kendi ömrünü masaya koydu. | M13: =LEN(L13) -> 116 | N13: =IF(L13="","Eksik",IF(M13<=130,"Uygun","130 karakteri aşıyor")) -> Uygun | O13: 10 | P13: Bir nefes, kraliyet ve yaşam hattı arasında mirasa dönüşüyor.
... A16: 15 | B16: Efsanevi_Sifaci | C16: Destek | D16: Yaygın | E16: 1 | F16: İnsan | G16: Kadın | H16: Savaş | I16: Demir Cephe | J16: CELIK_KILIC; DEMIR_MUHAFIZ; KIZIL_SAVASCI; Kutsal_Savunma; ATES_CIRAGI; Zehir_Bicagi_Insan; KANLI_GOLGE; Kaya_Bekcisi_hayvan | K16: Destek Ağı | L16: Demir Cephe'nin kahramanı ilan edildi. Kurtardığı komutan savaşı uzatınca, şifanın da bazen bir silaha dönüşebildiğini öğrendi. | M16: =LEN(L16) -> 127 | N16: =IF(L16="","Eksik",IF(M16<=130,"Uygun","130 karakteri aşıyor")) -> Uygun | O16: 8 | P16: Ucuz kurtuluş yerine karakter gelişimi bedeli.
A17: 16 | B17: Hayat_Rehberi | C17: Destek | D17: Yaygın | E17: 1 | F17: İnsan | G17: Erkek | H17: Ateş | I17: Kutsal Taht | J17: Kutsal_Asker; Kutsal_Zirh; Tacsiz_Muhafiz; KUTSAL_KILIC; ZAFER_MELEGI; GOKYUZU_HAKIMI; ISIK_USTASI; Savunma_Prensesi_Insan; KUTSAL_MUHAFIZ | K17: Destek Ağı | L17: Taçsız Muhafız'a gizli kaçış yolunu gösterdi; hükümdar dönmeyince halkın karşısına çıktı. Artık kimseyi ardında bırakmadan yürür. | M17: 129 | N17: Uygun | O17: 9 | P17: Savaş liderinin otoritesini destek bilgeliğine bağlar.
A18: 17 | B18: Evren_Sifacisi | C18: Destek | D18: Yaygın | E18: 1 | F18: Astral | G18: Kadın | H18: Astral | I18: Yıldız ve Evren Yarığı | J18: Altin_Yildiz; Gok_Yildizi; Galaktik_Bilgisi; Astral_Savunucu; EVREN_BUYUCUSU; EVREN_KORUYUCUSU; Aetherin_Efendisi; BUYU_TANRISI; SAVAS_TANRISI; KAOS_SAMPIYONU | K18: Destek Ağı | L18: Evrenin yarığını kapatınca kayıp bir dünyanın sesini duydu. Şifasını durdurursa halkı ölecek, sürdürürse o ses ebediyen susacak. | M18: =LEN(L18) -> 128 | N18: =IF(L18="","Eksik",IF(M18<=130,"Uygun","130 karakteri aşıyor")) -> Uygun | O18: 10 | P18: Kozmik ölçekte şifa, gizli bilgi gerilimi yaratıyor.
A19: 18 | B19: Isik_Vekili | C19: Destek | D19: Yaygın | E19: 1 | F19: Melek | G19: Erkek | H19: Işık | I19: Gölge Antlaşması | J19: KARA_SOVALYE; Karanlik_Savasci; Golge_Kalkani; GOLGE_LORDU; GOLGELER_EFENDISI; GOLGE_BUYUCUSU; Zifiri_Buyucu; ABIS_GARDIYANI_golge; Kara_Pence; Kritik_Golge_Golge | K19: Destek Ağı | L19: Gölge Lordu'yla çizdiği sınır, bir aileyi ikiye böldü. Işığını şimdi antlaşmayı korumak için değil, onları buluşturmak için taşır. | M19: =LEN(L19) -> 130 | N19: =IF(L19="","Eksik",IF(M19<=130,"Uygun","130 karakteri aşıyor")) -> Uygun | O19: 10 | P19: Yok etme değil, diplomatik/sihirsel sınır koyma.
A20: 19 | B20: Mistik_Sifaci | C20: Destek | D20: Yaygın | E20: 1 | F20: İnsan | G20: Kadın | H20: Arkan | I20: Zaman ve Arkan Kırığı | J20: Zaman_Efendisi; ZAMAN_BUYUCUSU; Kader_Orgusu_Arkan_buyucusu; BOYUT_USTASI_bukucu; BOYUT_KATILI; KIYAMET_BUYUCUSU; Kiyamet_Askeri; SAVAS_LORDU; Kehanetci; Buyuk_Arcana | K20: Destek Ağı | L20: Büyük Arcana'nın kartında iyileştireceği yarayı gördü. Her kurtarışta kehanet değişir; son kartta artık yalnız kendi adı vardır. | M20: =LEN(L20) -> 128 | N20: =IF(L20="","Eksik",IF(M20<=130,"Uygun","130 karakteri aşıyor")) -> Uygun | O20: 10 | P20: Kart/kehanet hattı; sonraki büyücü bağlarını hazırlar.
A21: 20 | B21: Hayat_Fisildayicisi | C21: Destek | D21: Yaygın | E21: 1 | F21: Elf | G21: Kadın | H21: Zehir | I21: Zehir ve Gizli Savaş | J21: Zehir_Bicagi_Insan; Zehirli_Ruya; Zehirli_Intikamci; Poisoned_Knife_Insan; Gece_Yilani_Surungensoy; Kara_Pence; Kritik_Kara_Pence_Golge; Yikici_Sovalye | K21: Destek Ağı | L21: Gece Yılanı'nın zehirlediği ağacı dinledi; kökler katilin adını fısıldadı. Ormanı iyileştirmek için önce onu yaşatması gerek. | M21: =LEN(L21) -> 125 | N21: =IF(L21="","Eksik",IF(M21<=130,"Uygun","130 karakteri aşıyor")) -> Uygun | O21: 8 | P21: Zehirle doğa arasında gizli karşı-ritüel.
A22: 21 | B22: Kadim_Ruh_Samani | C22: Destek | D22: Yaygın | E22: 1 | F22: Astral | G22: Erkek | H22: Metal | I22: Ruh Borcu | J22: Olumsuz_Kilic; Demir_Asker_Tanrisal_Olumsuz; Tas_Yurekli_Tanrisal_Olumsuz; KARA_BUYUCUSU; Ruh_Yoneticisi; RUH_BICICI; Immortal_Shadow_golge; OLUMSUZ_KALKANLI_ASKER; Hayalet_Asker | K22: Destek Ağı | L22: Ruh Yöneticisi'nden atalarının sesini geri aldı. İçlerinden biri hainin adını söyleyince, kutsal soyun yalanını öğrendi. | M22: =LEN(L22) -> 120 | N22: =IF(L22="","Eksik",IF(M22<=130,"Uygun","130 karakteri aşıyor")) -> Uygun | O22: 9 | P22: Eski güç ile büyücü sınıfı arasında ağır sır.
A23: 22 | B23: Isigin_Efendisi | C23: Destek | D23: Yaygın | E23: 1 | F23: Elf | G23: Erkek | H23: Kaos | I23: Kutsal Taht | J23: Kutsal_Asker; Kutsal_Zirh; Tacsiz_Muhafiz; KUTSAL_KILIC; ZAFER_MELEGI; GOKYUZU_HAKIMI; ISIK_USTASI; Savunma_Prensesi_Insan; KUTSAL_MUHAFIZ | K23: Destek Ağı | L23: Gökyüzü Hâkimi'nin ışığını ödünç aldı. Her şifa kanadından bir tüy yakar; yere düşmeden kurtarmak istediği son kişi düşmanıdır. | M23: =LEN(L23) -> 127 | N23: =IF(L23="","Eksik",IF(M23<=130,"Uygun","130 karakteri aşıyor")) -> Uygun | O23: 9 | P23: Göksel otoriteye bedel fikri ekleniyor.
A24: 23 | B24: Hayat_Armonisti | C24: Destek | D24: Yaygın | E24: 1 | F24: Elf | G24: Kadın | H24: Fırtına | I24: Fırtına Hattı | J24: Firtina_Celik; Simsek_Askeri; FIRTINA_DOVUSCUSU; Yildirim_Muhafizi; Ruzgar_Efendisi; YILDIRIM_ADEPTI; Kritik_Firtina_INSAN; Firtina_Yikici; Firtina_Aslani; Firtina_Efendisi | K24: Destek Ağı | L24: Şimşek Askeri'nin bozulan kalp ritmine bir ezgi yazdı. Savaş bitince şarkıyı susturamadı; o kalp artık yalnız sesiyle atar. | M24: =LEN(L24) -> 123 | N24: =IF(L24="","Eksik",IF(M24<=130,"Uygun","130 karakteri aşıyor")) -> Uygun | O24: 10 | P24: Savaş temposu ve destek ritmi arasında profesyonel bağ.
A25: 24 | B25: Zamanin_Yoldasi | C25: Destek | D25: Yaygın | E25: 1 | F25: Astral | G25: Erkek | H25: Zaman | I25: Zaman ve Arkan Kırığı | J25: Zaman_Efendisi; ZAMAN_BUYUCUSU; Kader_Orgusu_Arkan_buyucusu; BOYUT_USTASI_bukucu; BOYUT_KATILI; KIYAMET_BUYUCUSU; Kiyamet_Askeri; SAVAS_LORDU; Kehanetci; Buyuk_Arcana | K25: Destek Ağı | L25: Zaman Efendisi'nin kırık saatini saklar. Dostlarına kazandırdığı her saniye, evde bekleyenlerin ömründen sessizce eksilir. | M25: =LEN(L25) -> 122 | N25: =IF(L25="","Eksik",IF(M25<=130,"Uygun","130 karakteri aşıyor")) -> Uygun | O25: 10 | P25: Zaman nesnesi üzerinden ninja/büyücü geçişi.
A26: 25 | B26: Kutsal_Sifaci | C26: Destek | D26: Yaygın | E26: 1 | F26: İnsan | G26: Kadın | H26: Gölge | I26: Kutsal Taht | J26: Kutsal_Asker; Kutsal_Zirh; Tacsiz_Muhafiz; KUTSAL_KILIC; ZAFER_MELEGI; GOKYUZU_HAKIMI; ISIK_USTASI; Savunma_Prensesi_Insan; KUTSAL_MUHAFIZ | K26: Destek Ağı | L26: Kutsal Taht'ın idam ettiği askeri diriltti. Hem cellatlar hem kurtardığı can peşinde; mezardan dönen kişi gerçeği hatırlıyor. | M26: =LEN(L26) -> 125 | N26: =IF(L26="","Eksik",IF(M26<=130,"Uygun","130 karakteri aşıyor")) -> Uygun | O26: 9 | P26: Şifa ahlakî mahkemeye dönüşüyor.
A27: 26 | B27: Evrenin_Korumacisi | C27: Destek | D27: Yaygın | E27: 1 | F27: Astral | G27: Erkek | H27: Astral | I27: Yıldız ve Evren Yarığı | J27: Altin_Yildiz; Gok_Yildizi; Galaktik_Bilgisi; Astral_Savunucu; EVREN_BUYUCUSU; EVREN_KORUYUCUSU; Aetherin_Efendisi; BUYU_TANRISI; SAVAS_TANRISI; KAOS_SAMPIYONU | K27: Destek Ağı | L27: Astral Savunucu'nun zırhındaki yarığı onardı. İçine sığınan kayıp yıldızı korumak için göğün bütün yasalarına karşı durur. | M27: =LEN(L27) -> 122 | N27: =IF(L27="","Eksik",IF(M27<=130,"Uygun","130 karakteri aşıyor")) -> Uygun | O27: 10 | P27: Zırh tamiri değil, kozmik yasa onarımı.
A28: 27 | B28: Yasamin_Bekcisi | C28: Destek | D28: Yaygın | E28: 1 | F28: Elf | G28: Kadın | H28: Fırtına | I28: Yaşam ve Ölüm Eşiği | J28: YASAM_TANRISI; IYILESTIRME_TANRISI; OLUM_TANRISI; Sonsuz_Savunma; Kanli_Kalkan; YASAM_EFENDISI; Kadim_Yasam_Efendisi; KADIM_SIFACI; Efsanevi_Iyilestirici; Sonsuz_Yasamin_Bekcisi | K28: Destek Ağı | L28: Ölümle yaşamın eşiğinde adları kontrol eder. Bir gün listede kendi adını buldu; kalemi kırıp nöbetini bırakmamayı seçti. | M28: =LEN(L28) -> 120 | N28: =IF(L28="","Eksik",IF(M28<=130,"Uygun","130 karakteri aşıyor")) -> Uygun | O28: 10 | P28: Yaşam/ölüm dengesini tanrısal protokole bağlar.
A29: 28 | B29: Felsefe_Sifacisi | C29: Destek | D29: Yaygın | E29: 1 | F29: İnsan | G29: Erkek | H29: Arkan | I29: Zihin ve Felsefe Mahkemesi | J29: Felsefe_Buyucusu; Yuce_Akil; Korku_Imparatoru_golge; Korgoz_Suikastci_Cuce; Buyuk_Tehlike; Karanlik_Kader; Kader_Orgusu_Arkan_buyucusu; SAVAS_TANRISI | K29: Destek Ağı | L29: Felsefe Büyücüsü acının gereksiz olduğunu söyledi. Onu iyileştirince merhameti de kayboldu; şimdi sildiği yarayı geri arıyor. | M29: =LEN(L29) -> 125 | N29: =IF(L29="","Eksik",IF(M29<=130,"Uygun","130 karakteri aşıyor")) -> Uygun | O29: 8 | P29: Düşünsel güç savaş gücünden üstün bir an kazanır.
... A41: 40 | B41: Sonsuz_Umut | C41: Destek | D41: Nadir | E41: 2 | F41: Melek | G41: Kadın | H41: Fırtına | I41: Kutsal Taht | J41: Kutsal_Asker; Kutsal_Zirh; Tacsiz_Muhafiz; KUTSAL_KILIC; ZAFER_MELEGI; GOKYUZU_HAKIMI; ISIK_USTASI; Savunma_Prensesi_Insan; KUTSAL_MUHAFIZ | K41: Destek Ağı | L41: Kutsal Taht'ın zafer defterine ölenlerin adını yazdı. Her iyileştirdiği askere aynı sözü verir: Seni kimse tarihten silemeyecek. | M41: =LEN(L41) -> 128 | N41: =IF(L41="","Eksik",IF(M41<=130,"Uygun","130 karakteri aşıyor")) -> Uygun | O41: 9 | P41: Zafer propagandasına karşı etik kayıt.
A42: 41 | B42: Isigin_Murekkep | C42: Destek | D42: Nadir | E42: 2 | F42: İnsan | G42: Erkek | H42: Arkan | I42: Kutsal Taht | J42: Kutsal_Asker; Kutsal_Zirh; Tacsiz_Muhafiz; KUTSAL_KILIC; ZAFER_MELEGI; GOKYUZU_HAKIMI; ISIK_USTASI; Savunma_Prensesi_Insan; KUTSAL_MUHAFIZ | K42: Destek Ağı | L42: Taçsız Muhafız'ın yemininin altına adını yazdı. Hükümdar sözünü her bozduğunda mürekkep derisini yakar; yine de defteri saklar. | M42: 127 | N42: Uygun | O42: 9 | P42: Yazı/ferman üzerinden taht hukukunu kurar.
A43: 42 | B43: Mistik_Hayat | C43: Destek | D43: Nadir | E43: 2 | F43: Elf | G43: Kadın | H43: Arkan | I43: Zehir ve Gizli Savaş | J43: Zehir_Bicagi_Insan; Zehirli_Ruya; Zehirli_Intikamci; Poisoned_Knife_Insan; Gece_Yilani_Surungensoy; Kara_Pence; Kritik_Kara_Pence_Golge; Yikici_Sovalye | K43: Destek Ağı | L43: Zehirli Rüya'da bir çocuğun geleceğini gördü. Onu iyileştirirse felaket doğacak; şifacı elleri bir yaraya uzanırken titrer. | M43: =LEN(L43) -> 123 | N43: =IF(L43="","Eksik",IF(M43<=130,"Uygun","130 karakteri aşıyor")) -> Uygun | O43: 8 | P43: Kötü etkiyi silmek yerine kehanete dönüştürür.
A44: 43 | B44: Kadim_Ruh_Koruyucusu | C44: Destek | D44: Nadir | E44: 2 | F44: Astral | G44: Erkek | H44: Kaos | I44: Kaos ve Kıyamet Düğümü | J44: KIYAMET_SAVASCISI; KIYAMET_BUYUCUSU; KIYAMET_SUIKASTCISI; Kiyamet_Askeri; KAOS_GOLGESI; Karanlik_Kader; Yikim_Tanrisi; Yikim_Avcisi; Yikici_Sovalye; EFSANE_GLADYATOR | K44: Destek Ağı | L44: Kaos Gölgesi'ni atalarının ruhlarıyla mühürledi. Mührü her yenilediğinde bir atası unutulur; sonuncusu kendi adını fısıldıyor. | M44: =LEN(L44) -> 126 | N44: =IF(L44="","Eksik",IF(M44<=130,"Uygun","130 karakteri aşıyor")) -> Uygun | O44: 10 | P44: Bir tehdidi durdurmak daha büyük tehdidi uyandırır.
A45: 44 | B45: Yasamin_Isigi | C45: Destek | D45: Nadir | E45: 2 | F45: İnsan | G45: Kadın | H45: Gölge | I45: Demir Cephe | J45: CELIK_KILIC; DEMIR_MUHAFIZ; KIZIL_SAVASCI; Kutsal_Savunma; ATES_CIRAGI; Zehir_Bicagi_Insan; KANLI_GOLGE; Kaya_Bekcisi_hayvan | K45: Destek Ağı | L45: Kanlı Gölge'nin izini yaralılarda buldu. Komutanının katil olduğunu görünce, ışığını saklanan bir suçu açmakta kullandı. | M45: =LEN(L45) -> 120 | N45: =IF(L45="","Eksik",IF(M45<=130,"Uygun","130 karakteri aşıyor")) -> Uygun | O45: 8 | P45: Kanlı motif adalet filtresine dönüşür.
A46: 45 | B46: Mistik_Yoldas | C46: Destek | D46: Nadir | E46: 2 | F46: Astral | G46: Erkek | H46: Arkan | I46: Zaman ve Arkan Kırığı | J46: Zaman_Efendisi; ZAMAN_BUYUCUSU; Kader_Orgusu_Arkan_buyucusu; BOYUT_USTASI_bukucu; BOYUT_KATILI; KIYAMET_BUYUCUSU; Kiyamet_Askeri; SAVAS_LORDU; Kehanetci; Buyuk_Arcana | K46: Destek Ağı | L46: Boyut Katili'yle geçtiği kapıda adını yitirdi. Dostları onu her sabah unutur; o, her gece aynı canları yeniden korumayı seçer. | M46: =LEN(L46) -> 126 | N46: =IF(L46="","Eksik",IF(M46<=130,"Uygun","130 karakteri aşıyor")) -> Uygun | O46: 10 | P46: Geçit bilgisi suikastçının kendi avına dönüşür.
A47: 46 | B47: Evrenin_Iyilestiricisi | C47: Destek | D47: Nadir | E47: 2 | F47: Astral | G47: Kadın | H47: Astral | I47: Yıldız ve Evren Yarığı | J47: Altin_Yildiz; Gok_Yildizi; Galaktik_Bilgisi; Astral_Savunucu; EVREN_BUYUCUSU; EVREN_KORUYUCUSU; Aetherin_Efendisi; BUYU_TANRISI; SAVAS_TANRISI; KAOS_SAMPIYONU | K47: Destek Ağı | L47: Evren Büyücüsü'nün yarığını yıldızlarla dikti. Dikişin ötesinde ailesi kaldı; evreni iyileştiren elleri o yarayı açmayı da bilir. | M47: =LEN(L47) -> 129 | N47: =IF(L47="","Eksik",IF(M47<=130,"Uygun","130 karakteri aşıyor")) -> Uygun | O47: 10 | P47: Kapanmayan yara, evren haritasında sınır olur.
A48: 47 | B48: Isigin_Yukselisi | C48: Destek | D48: Nadir | E48: 2 | F48: İnsan | G48: Erkek | H48: Gölge | I48: Gölge Antlaşması | J48: KARA_SOVALYE; Karanlik_Savasci; Golge_Kalkani; GOLGE_LORDU; GOLGELER_EFENDISI; GOLGE_BUYUCUSU; Zifiri_Buyucu; ABIS_GARDIYANI_golge; Kara_Pence; Kritik_Golge_Golge | K48: Destek Ağı | L48: Kara Şövalye'nin zırhında annesinin duasını buldu. Düşmanını iyileştirdiği gün öğrendi: Işık, hep doğru taraftan yükselmiyordu. | M48: =LEN(L48) -> 127 | N48: =IF(L48="","Eksik",IF(M48<=130,"Uygun","130 karakteri aşıyor")) -> Uygun | O48: 10 | P48: Düşmanı yok etmek yerine gizli yemini açığa çıkarır.
A49: 48 | B49: Tanrisal_Sifaci | C49: Destek | D49: Nadir | E49: 2 | F49: Tanrısal | G49: Nötr | H49: Buz | I49: Yaşam ve Ölüm Eşiği | J49: YASAM_TANRISI; IYILESTIRME_TANRISI; OLUM_TANRISI; Sonsuz_Savunma; Kanli_Kalkan; YASAM_EFENDISI; Kadim_Yasam_Efendisi; KADIM_SIFACI; Efsanevi_Iyilestirici; Sonsuz_Yasamin_Bekcisi | K49: Destek Ağı | L49: Ölüm Tanrısı'ndan bir canı geri aldı. Mucize isteyenler kapısına yığılırken o, dönen kişinin gözlerinde eksilen şeyi arar. | M49: =LEN(L49) -> 122 | N49: =IF(L49="","Eksik",IF(M49<=130,"Uygun","130 karakteri aşıyor")) -> Uygun | O49: 10 | P49: Tanrısal gücü ölümlü sesine bağlayan kritik düğüm.
A50: 49 | B50: ZAMAN_SIFACISI | C50: Destek | D50: Ender | E50: 3 | F50: İnsan | G50: Kadın | H50: Gölge | I50: Zaman ve Arkan Kırığı | J50: Zaman_Efendisi; ZAMAN_BUYUCUSU; Kader_Orgusu_Arkan_buyucusu; BOYUT_USTASI_bukucu; BOYUT_KATILI; KIYAMET_BUYUCUSU; Kiyamet_Askeri; SAVAS_LORDU; Kehanetci; Buyuk_Arcana | K50: Destek Ağı | L50: Kıyamet'in vurduğu anı geri sardı. Herkes kurtuldu ama onu seven kişi hiç tanışmadıklarını söylüyor; yeni geleceğin bedeli budur. | M50: =LEN(L50) -> 129 | N50: =IF(L50="","Eksik",IF(M50<=130,"Uygun","130 karakteri aşıyor")) -> Uygun | O50: 10 | P50: Zaman üstü onarım; Multi seviyesine doğrudan köprü.
A51: 50 | B51: RUH_SAMANI | C51: Destek | D51: Ender | E51: 3 | F51: İnsan | G51: Erkek | H51: Gölge | I51: Gölge Antlaşması | J51: KARA_SOVALYE; Karanlik_Savasci; Golge_Kalkani; GOLGE_LORDU; GOLGELER_EFENDISI; GOLGE_BUYUCUSU; Zifiri_Buyucu; ABIS_GARDIYANI_golge; Kara_Pence; Kritik_Golge_Golge | K51: Destek Ağı | L51: Gölge Lordu'yla ölüleri almak için anlaştı. Çağırdığı her ruh kalkanını güçlendirir; karşılığında bir anısını gölgeye bırakır. | M51: =LEN(L51) -> 126 | N51: =IF(L51="","Eksik",IF(M51<=130,"Uygun","130 karakteri aşıyor")) -> Uygun | O51: 10 | P51: Gölge lordluğu ile ruh bedeli arasında ağır pazarlık.
A52: 51 | B52: YASAM_USTASI | C52: Destek | D52: Ender | E52: 3 | F52: İnsan | G52: Kadın | H52: Kaos | I52: Yaşam ve Ölüm Eşiği | J52: YASAM_TANRISI; IYILESTIRME_TANRISI; OLUM_TANRISI; Sonsuz_Savunma; Kanli_Kalkan; YASAM_EFENDISI; Kadim_Yasam_Efendisi; KADIM_SIFACI; Efsanevi_Iyilestirici; Sonsuz_Yasamin_Bekcisi | K52: Destek Ağı | L52: Yaşamla ölüm arasında canları paylaştırmayı öğrendi. En sevdiği kişiyi kurtaracak güç elindeyken, denge ondan vazgeçmesini istedi. | M52: =LEN(L52) -> 130 | N52: =IF(L52="","Eksik",IF(M52<=130,"Uygun","130 karakteri aşıyor")) -> Uygun | O52: 10 | P52: Zafer yerine kozmik müzakere kurar.
A53: 52 | B53: Zamanin_Rehberi | C53: Destek | D53: Ender | E53: 3 | F53: İnsan | G53: Erkek | H53: Kaos | I53: Kaos ve Kıyamet Düğümü | J53: KIYAMET_SAVASCISI; KIYAMET_BUYUCUSU; KIYAMET_SUIKASTCISI; Kiyamet_Askeri; KAOS_GOLGESI; Karanlik_Kader; Yikim_Tanrisi; Yikim_Avcisi; Yikici_Sovalye; EFSANE_GLADYATOR | K53: Destek Ağı | L53: Kıyamet Savaşçısı'na son saniyeyi gösterdi. Her gelecekte dünya kurtuluyordu; hiçbirinde kahramanın eve döndüğünü söylemedi. | M53: =LEN(L53) -> 124 | N53: =IF(L53="","Eksik",IF(M53<=130,"Uygun","130 karakteri aşıyor")) -> Uygun | O53: 10 | P53: Kahramanı kaçıştan alıp seçim noktasına zorlar.
A54: 53 | B54: Kadim_Yasam_Efendisi | C54: Destek | D54: Ender | E54: 3 | F54: Elf | G54: Erkek | H54: Yaşam | I54: Yıldız ve Evren Yarığı | J54: Altin_Yildiz; Gok_Yildizi; Galaktik_Bilgisi; Astral_Savunucu; EVREN_BUYUCUSU; EVREN_KORUYUCUSU; Aetherin_Efendisi; BUYU_TANRISI; SAVAS_TANRISI; KAOS_SAMPIYONU | K54: Destek Ağı | L54: Evren Koruyucusu'nun zırhına ilk yaşamın anısını üfledi. Zırh neden savaştığını sorunca, tanrılardan saklanan gerçeği duydu. | M54: =LEN(L54) -> 124 | N54: =IF(L54="","Eksik",IF(M54<=130,"Uygun","130 karakteri aşıyor")) -> Uygun | O54: 10 | P54: Tank zırhı bilinç ve hüküm sahibi olur.
... A64: 63 | B64: ZAMAN_BUKUCU | C64: Destek | D64: Multi | E64: 5 | F64: Tanrısal | G64: Nötr | H64: Zaman | I64: Zaman ve Arkan Kırığı | J64: Zaman_Efendisi; ZAMAN_BUYUCUSU; Kader_Orgusu_Arkan_buyucusu; BOYUT_USTASI_bukucu; BOYUT_KATILI; KIYAMET_BUYUCUSU; Kiyamet_Askeri; SAVAS_LORDU; Kehanetci; Buyuk_Arcana | K64: Destek Ağı | L64: Boyut Katili'nin darbesini bir ana hapsetti. Dostlarının bir saniyesini çağlarca yaşar; saati bırakırsa herkes o darbeyi alacak. | M64: =LEN(L64) -> 128 | N64: =IF(L64="","Eksik",IF(M64<=130,"Uygun","130 karakteri aşıyor")) -> Uygun | O64: 10 | P64: Sonraki Ninja/Tank/Büyücü bağlantıları için merkez zaman düğümü.

Sheet Ninja
A1: ID | B1: Karakter | C1: Sınıf | D1: Nadirlik | E1: Önem Derecesi | F1: Irk | G1: Cinsiyet | H1: Element | I1: Hikâye Düğümü | J1: Bağlantı Karakterleri | K1: Bağlantı Türü | L1: Hikâye | M1: Hikâye Harf Sayısı | N1: 130 Kontrol | O1: Bağlantı Sayısı | P1: Profesyonel Not
A2: 64 | B2: Golge_Ciragi_Golge | C2: Ninja | D2: Yaygın | E2: 1 | F2: Gölge | G2: Belirsiz | H2: Gölge | I2: Gölge Fermanı | J2: CIRAK_SIFACI; BUZ_OGRENCISI; SAVAS_CIRAGI; Ates_Tasi_Ejderhasi_Ejdersoy | K2: Yemin Halkası | L2: Buz Öğrencisi'ni kurtarmak için ilk gölge adımını attı. Çıktığında ustası yoktu; girdiği her karanlıkta artık onun izini arar. | M2: =LEN(L2) -> 126 | N2: =IF(L2="","Eksik",IF(M2<=130,"Uygun","130 karakteri aşıyor")) -> Uygun | O2: 4 | P2: Gölge Fermanı düğümünde Ninja sınıfının evren bağlantısı güçlendirildi.
A3: 65 | B3: Zehir_Bicagi_Insan | C3: Ninja | D3: Yaygın | E3: 1 | F3: Gölge | G3: Erkek | H3: Zehir | I3: Zehirli Vasiyet | J3: RUH_BEKCISI; YILDIRIM_ADEPTI; Zirve_Pencesi | K3: Cephe Tanıklığı | L3: Bıçağını babasının vasiyetinden dövdü; zehir eline işledi. Ruh Bekçisi onu yaşattı ama mirasın kimi öldüreceğini söylemedi. | M3: =LEN(L3) -> 123 | N3: =IF(L3="","Eksik",IF(M3<=130,"Uygun","130 karakteri aşıyor")) -> Uygun | O3: 3 | P3: Zehirli Vasiyet düğümünde Ninja sınıfının evren bağlantısı güçlendirildi.
A4: 66 | B4: Hizli_Bicak_Insan | C4: Ninja | D4: Yaygın | E4: 1 | F4: Gölge | G4: Erkek | H4: Ateş | I4: Gölge Fermanı | J4: UMUT_TASIYICI; GOLGE_BUYUCUSU; Savasin_Efendisi; Tas_Yurekli_Tanrisal_Olumsuz | K4: Borç Kaydı | L4: Savaşın Efendisi'ni yenebilecek kadar hızlandı, kardeşini kurtarmaya yine geç kaldı. Şimdi her düelloda bir darbe eksik vurur. | M4: =LEN(L4) -> 126 | N4: =IF(L4="","Eksik",IF(M4<=130,"Uygun","130 karakteri aşıyor")) -> Uygun | O4: 4 | P4: Gölge Fermanı düğümünde Ninja sınıfının evren bağlantısı güçlendirildi.
A5: 67 | B5: Golgelerin_Ustasi_Golge | C5: Ninja | D5: Yaygın | E5: 1 | F5: Gölge | G5: Belirsiz | H5: Astral | I5: Gölge Fermanı | J5: Sifa_Yildizi; Kita_Buyucusu; Yildiz_Savascisi | K5: Sınır Muhafazası | L5: Şifa Yıldızı söndüğünde gölgeleri dinledi; hepsi onun sesiyle konuşuyordu. Karanlığa hükmeder, ama gerçek sesi ayıramaz. | M5: =LEN(L5) -> 120 | N5: =IF(L5="","Eksik",IF(M5<=130,"Uygun","130 karakteri aşıyor")) -> Uygun | O5: 3 | P5: Gölge Fermanı düğümünde Ninja sınıfının evren bağlantısı güçlendirildi.
A6: 68 | B6: Zehirli_Pence_Golge | C6: Ninja | D6: Yaygın | E6: 1 | F6: Gölge | G6: Belirsiz | H6: Zehir | I6: Gölge Fermanı | J6: Umut_Alevi; Ruzgar_Efendisi; Kutsal_Asker; Kalkan_Kralicesi_Tanrisal_Olumsuz | K6: Yemin Halkası | L6: Umut Alevi pençesindeki zehri yakamadı. Artık dostlarına dokunmaz; korumak istediği ellerden uzak durmak en ağır yeminidir. | M6: =LEN(L6) -> 123 | N6: =IF(L6="","Eksik",IF(M6<=130,"Uygun","130 karakteri aşıyor")) -> Uygun | O6: 4 | P6: Gölge Fermanı düğümünde Ninja sınıfının evren bağlantısı güçlendirildi.
A7: 69 | B7: Kritik_Golge_Golge | C7: Ninja | D7: Yaygın | E7: 1 | F7: Gölge | G7: Belirsiz | H7: Zaman | I7: Gölge Fermanı | J7: Hayat_Akisi; Zaman_Efendisi; Kanli_Kalkan | K7: Cephe Tanıklığı | L7: Zaman Efendisi ona kusursuz bir an verdi. O anda öldürmesi gereken kişi kendisini kurtarınca, bıçağını ilk kez hedefsiz bıraktı. | M7: =LEN(L7) -> 128 | N7: =IF(L7="","Eksik",IF(M7<=130,"Uygun","130 karakteri aşıyor")) -> Uygun | O7: 3 | P7: Gölge Fermanı düğümünde Ninja sınıfının evren bağlantısı güçlendirildi.
A8: 70 | B8: Nightmare_Karabasan_Golge | C8: Ninja | D8: Yaygın | E8: 1 | F8: Gölge | G8: Belirsiz | H8: Gölge | I8: Gölge Fermanı | J8: Kutsal_Isik; ARKAN_BUYUCUSU; Yikim_Avcisi; Golge_Kalkani_Nam-i_DigerOlumsuz_TanricasiTanrisal_Olumsuz | K8: Borç Kaydı | L8: Arkan Büyücüsü'nün çocukluk korkusundan doğdu. Artık kâbuslarla beslenir; yaratıcısı korkmayı bırakırsa kendisi de yok olacak. | M8: =LEN(L8) -> 126 | N8: =IF(L8="","Eksik",IF(M8<=130,"Uygun","130 karakteri aşıyor")) -> Uygun | O8: 4 | P8: Gölge Fermanı düğümünde Ninja sınıfının evren bağlantısı güçlendirildi.
A9: 71 | B9: Gizli_Yikici_Cuce | C9: Ninja | D9: Yaygın | E9: 1 | F9: Cüce | G9: Kadın | H9: Kaos | I9: Gölge Fermanı | J9: Sonsuz_Sifaci; ELEMENTALIST; Firtina_Celik | K9: Sınır Muhafazası | L9: Cüce ocağını çökerten patlamadan görünmez çıktı. Her yıktığı kalede aynı sesi duyar; içeride kimse kalmasın diye bekler. | M9: =LEN(L9) -> 120 | N9: =IF(L9="","Eksik",IF(M9<=130,"Uygun","130 karakteri aşıyor")) -> Uygun | O9: 3 | P9: Gölge Fermanı düğümünde Ninja sınıfının evren bağlantısı güçlendirildi.
A10: 72 | B10: Karanlik_Vekil_Golge | C10: Ninja | D10: Yaygın | E10: 1 | F10: Gölge | G10: Belirsiz | H10: Gölge | I10: Gölge Fermanı | J10: Isik_Yoldasi; Efsanevi_Arcanist; Altin_Yildiz; Kalkan_Titani_Tanrisal_Olumsuz | K10: Yemin Halkası | L10: Işık Yoldaşı'nı kurtarmak için gölgesini ayırdı. Kopyası görevi tamamlayıp döndü; ikisi de gerçek olduğunu söyler. | M10: =LEN(L10) -> 114 | N10: =IF(L10="","Eksik",IF(M10<=130,"Uygun","130 karakteri aşıyor")) -> Uygun | O10: 4 | P10: Gölge Fermanı düğümünde Ninja sınıfının evren bağlantısı güçlendirildi.
A11: 73 | B11: Sinsi_Safak_Insan | C11: Ninja | D11: Yaygın | E11: 1 | F11: Gölge | G11: Kadın | H11: Işık | I11: Gölge Fermanı | J11: Doga_Efendisi; Aetherian_Adept; Olumsuz_Kilic | K11: Cephe Tanıklığı | L11: Doğa Efendisi'nin ormanında son avını bağışladı. Şafak doğmadan izini siler; eski ustalarının hedef listesinde kendi adı vardır. | M11: =LEN(L11) -> 128 | N11: =IF(L11="","Eksik",IF(M11<=130,"Uygun","130 karakteri aşıyor")) -> Uygun | O11: 3 | P11: Gölge Fermanı düğümünde Ninja sınıfının evren bağlantısı güçlendirildi.
A12: 74 | B12: High_Ninja_Insan | C12: Ninja | D12: Yaygın | E12: 1 | F12: Gölge | G12: Kadın | H12: Fırtına | I12: Gölge Fermanı | J12: Zihinsel_Sifaci; Gece_Isiginin_Efendisi; Simsek_Askeri; Demir_Zirh_Ejdersoy | K12: Borç Kaydı | L12: Şimşek Askeri'yle yıllarca çalıştı; ilk kusursuz vuruşunu ona yaptı. Ustasının ihaneti mi, yanılgısı mı olduğunu hâlâ araştırır. | M12: =LEN(L12) -> 128 | N12: =IF(L12="","Eksik",IF(M12<=130,"Uygun","130 karakteri aşıyor")) -> Uygun | O12: 4 | P12: Gölge Fermanı düğümünde Ninja sınıfının evren bağlantısı güçlendirildi.
A13: 75 | B13: Gizli_Gozcu_Golge | C13: Ninja | D13: Yaygın | E13: 1 | F13: Gölge | G13: Belirsiz | H13: Yaşam | I13: Gölge Fermanı | J13: Hayat_Koruyucusu; Yikim_Meclisi; Buyuk_Celik_Avci | K13: Sınır Muhafazası | L13: Yıkım Meclisi'ni gölgelerden izlerken kurtarıcısının imzasını gördü. Elindeki kanıt bir savaşı bitirecek, diğerini başlatacaktır. | M13: =LEN(L13) -> 129 | N13: =IF(L13="","Eksik",IF(M13<=130,"Uygun","130 karakteri aşıyor")) -> Uygun | O13: 3 | P13: Gölge Fermanı düğümünde Ninja sınıfının evren bağlantısı güçlendirildi.
... A17: 79 | B17: Korku_Imparatoru_golge | C17: Ninja | D17: Yaygın | E17: 1 | F17: Gölge | G17: Belirsiz | H17: Zihin | I17: Gölge Fermanı | J17: Hayat_Rehberi; Mistik_Kral; Ejderha_Savascisi | K17: Sınır Muhafazası | L17: Mistik Kral'ın bastırdığı korkulardan bir taht kurdu. Herkesi titretebilir; yalnız uyuduğunda kendi kâbuslarının önünde diz çöker. | M17: =LEN(L17) -> 130 | N17: =IF(L17="","Eksik",IF(M17<=130,"Uygun","130 karakteri aşıyor")) -> Uygun | O17: 3 | P17: Gölge Fermanı düğümünde Ninja sınıfının evren bağlantısı güçlendirildi.
A18: 80 | B18: Savas_Fisildayicisi | C18: Ninja | D18: Yaygın | E18: 1 | F18: Gölge | G18: Kadın | H18: Savaş | I18: Gölge Fermanı | J18: Evren_Sifacisi; Zamanin_Bukucusu; Tacsiz_Muhafiz; Kutsal_Savunma | K18: Yemin Halkası | L18: Taçsız Muhafız'a verilen son emri çaldı. Bir fısıltıyla orduları yönlendirir; kendi düşüncelerinin kime ait olduğunu ise bilmez. | M18: 128 | N18: Uygun | O18: 4 | P18: Gölge Fermanı düğümünde Ninja sınıfının evren bağlantısı güçlendirildi.
A19: 81 | B19: Kritik_Firtina_INSAN | C19: Ninja | D19: Yaygın | E19: 1 | F19: İnsan | G19: Erkek | H19: Fırtına | I19: Fırtına Divanı | J19: Isik_Vekili; Gok_Tanricesi; Firtina_Zirhli | K19: Cephe Tanıklığı | L19: Fırtına Divanı'nda beş hançerle hükmü durdurdu. Altıncıyı bağışladığı yargıç, her gece onun hakkında yeni bir ölüm emri yazıyor. | M19: =LEN(L19) -> 128 | N19: =IF(L19="","Eksik",IF(M19<=130,"Uygun","130 karakteri aşıyor")) -> Uygun | O19: 3 | P19: Fırtına Divanı düğümünde Ninja sınıfının evren bağlantısı güçlendirildi.
A20: 82 | B20: Karabuyu_Suikastci_GOLGE | C20: Ninja | D20: Yaygın | E20: 1 | F20: Elf | G20: Belirsiz | H20: Gölge | I20: Gölge Fermanı | J20: Mistik_Sifaci; Karanlik_Kader; Alevli_Savasci; Alev_Kalkani_Cuce | K20: Borç Kaydı | L20: Mistik Şifacı'nın çözemediği laneti silah yaptı. Çaldığı büyü onu güçlendirir; her zaferde dostlarının yüzlerinden birini unutur. | M20: =LEN(L20) -> 129 | N20: =IF(L20="","Eksik",IF(M20<=130,"Uygun","130 karakteri aşıyor")) -> Uygun | O20: 4 | P20: Gölge Fermanı düğümünde Ninja sınıfının evren bağlantısı güçlendirildi.
A21: 83 | B21: Mortal_Shadow_Golge | C21: Ninja | D21: Yaygın | E21: 1 | F21: Gölge | G21: Belirsiz | H21: Yaşam | I21: Gölge Fermanı | J21: Hayat_Fisildayicisi; Isigin_Yikicisi; Guclu_Savas_Efendisi | K21: Sınır Muhafazası | L21: Hayat Fısıldayıcısı ona ikinci nefesi verdi. Ölümsüz sanılan gölgeler arasında, ölümü kabullenmesi herkesi korkutur. | M21: =LEN(L21) -> 116 | N21: =IF(L21="","Eksik",IF(M21<=130,"Uygun","130 karakteri aşıyor")) -> Uygun | O21: 3 | P21: Gölge Fermanı düğümünde Ninja sınıfının evren bağlantısı güçlendirildi.
A22: 84 | B22: Korgoz_Suikastci_Cuce | C22: Ninja | D22: Yaygın | E22: 1 | F22: Cüce | G22: Erkek | H22: Toprak | I22: Gölge Fermanı | J22: Kadim_Ruh_Samani; Elemental_Tanri; Yikici_Gladyator; Savas_Tanrisi_Tanrisal_Olumsuz | K22: Yemin Halkası | L22: Maden çökünce gözlerini yitirdi; Ruh Şamanı kalpleri dinlemeyi öğretti. Hiç çarpmayan bir kalbi duyduğu gece av olmaya başladı. | M22: =LEN(L22) -> 127 | N22: =IF(L22="","Eksik",IF(M22<=130,"Uygun","130 karakteri aşıyor")) -> Uygun | O22: 4 | P22: Gölge Fermanı düğümünde Ninja sınıfının evren bağlantısı güçlendirildi.
A23: 85 | B23: Between_The_Shadows_Golge | C23: Ninja | D23: Yaygın | E23: 1 | F23: Gölge | G23: Belirsiz | H23: Ateş | I23: Gölge Fermanı | J23: Isigin_Efendisi; Buyulu_Zirve; Kutsal_Zirh | K23: Cephe Tanıklığı | L23: Işığın Efendisi'nden kaçarken iki gölge arasına sığındı. Her dönüşünde bir yıl geçer; evinin kapısı bir yabancıya açılır. | M23: =LEN(L23) -> 121 | N23: =IF(L23="","Eksik",IF(M23<=130,"Uygun","130 karakteri aşıyor")) -> Uygun | O23: 3 | P23: Gölge Fermanı düğümünde Ninja sınıfının evren bağlantısı güçlendirildi.
A24: 86 | B24: Fisildayan_Hancer_Insan | C24: Ninja | D24: Yaygın | E24: 1 | F24: Gölge | G24: Erkek | H24: Buz | I24: Gölge Fermanı | J24: Hayat_Armonisti; Goklerin_Efendisi; Ejderha_Kafali; Hancer_Zirhi_Cuce | K24: Borç Kaydı | L24: Hayat Armonisti'nin çalınan sesini hançerinde buldu. Her atışta eski ezgi yükselir; bıçağı kırarsa sesi sahibine geri verebilecek. | M24: =LEN(L24) -> 130 | N24: =IF(L24="","Eksik",IF(M24<=130,"Uygun","130 karakteri aşıyor")) -> Uygun | O24: 4 | P24: Gölge Fermanı düğümünde Ninja sınıfının evren bağlantısı güçlendirildi.
A25: 87 | B25: God_Of_Secrecy_Insan | C25: Ninja | D25: Yaygın | E25: 1 | F25: Gölge | G25: Erkek | H25: Ateş | I25: Gölge Fermanı | J25: Zamanin_Yoldasi; Yuce_Akil; Buyuk_Kanli_Asker | K25: Sınır Muhafazası | L25: Yüce Akıl bile adını bulamadığı için ona tanrı dedi. Aslında bir insandır; silinen kimliğinin altında kime söz verdiğini arar. | M25: =LEN(L25) -> 126 | N25: =IF(L25="","Eksik",IF(M25<=130,"Uygun","130 karakteri aşıyor")) -> Uygun | O25: 3 | P25: Gölge Fermanı düğümünde Ninja sınıfının evren bağlantısı güçlendirildi.
A26: 88 | B26: Infinite_Blade_Insan | C26: Ninja | D26: Yaygın | E26: 1 | F26: Gölge | G26: Erkek | H26: Zaman | I26: Gölge Fermanı | J26: Kutsal_Sifaci; Kadim_Guc; Zirhli_Efendi; AgirZirh_insan | K26: Yemin Halkası | L26: Kadim Güç'ün sınavında durmadan vurdu, kazandığını duymadı. Artık her bıçak yağmuru, sonunu hatırlamadığı o düellonun devamıdır. | M26: =LEN(L26) -> 128 | N26: =IF(L26="","Eksik",IF(M26<=130,"Uygun","130 karakteri aşıyor")) -> Uygun | O26: 4 | P26: Gölge Fermanı düğümünde Ninja sınıfının evren bağlantısı güçlendirildi.
A27: 89 | B27: Gece_Yilani_Surungensoy | C27: Ninja | D27: Yaygın | E27: 1 | F27: Sürüngensoy | G27: Erkek | H27: Işık | I27: Gölge Fermanı | J27: Evrenin_Korumacisi; Felsefe_Buyucusu; Firtina_Kilici | K27: Cephe Tanıklığı | L27: Zehirli Vasiyet'i derisinin altında taşır. Her değiştirdiği kabukta bir ad belirir; sıradaki kurbanın kendisi olmasından korkar. | M27: =LEN(L27) -> 128 | N27: =IF(L27="","Eksik",IF(M27<=130,"Uygun","130 karakteri aşıyor")) -> Uygun | O27: 3 | P27: Gölge Fermanı düğümünde Ninja sınıfının evren bağlantısı güçlendirildi.
A28: 90 | B28: Karanlik_Fisildayici_Golge | C28: Ninja | D28: Yaygın | E28: 1 | F28: Gölge | G28: Belirsiz | H28: Gölge | I28: Gölge Fermanı | J28: Yasamin_Bekcisi; Kehanetci; Kutsal_Pence; Demir_Kafes_Insan | K28: Borç Kaydı | L28: Kehanetçi'nin söylemeye korktuğu sözü fısıldadı. Şimdi düşmanın zihnine girer; her dönüşte içindeki bir sesi dışarıda bırakır. | M28: =LEN(L28) -> 126 | N28: =IF(L28="","Eksik",IF(M28<=130,"Uygun","130 karakteri aşıyor")) -> Uygun | O28: 4 | P28: Gölge Fermanı düğümünde Ninja sınıfının evren bağlantısı güçlendirildi.
A29: 91 | B29: Kritik_Kara_Pence_Golge | C29: Ninja | D29: Yaygın | E29: 1 | F29: Gölge | G29: Belirsiz | H29: Gölge | I29: Gölge Fermanı | J29: Felsefe_Sifacisi; Buyuk_Arcana; Zirve_Efendisi | K29: Sınır Muhafazası | L29: Zirve Efendisi'nin zırhında tek bir açık buldu. Pençesini indirmediği o an yüzünden sürüldü; merhameti kusur sayan ustasını avlar. | M29: =LEN(L29) -> 130 | N29: =IF(L29="","Eksik",IF(M29<=130,"Uygun","130 karakteri aşıyor")) -> Uygun | O29: 3 | P29: Gölge Fermanı düğümünde Ninja sınıfının evren bağlantısı güçlendirildi.
A30: 92 | B30: Ghostbuster_Golge | C30: Ninja | D30: Yaygın | E30: 1 | F30: Gölge | G30: Belirsiz | H30: Enerji | I30: Gölge Fermanı | J30: Enerji_Dagiticisi; Galaktik_Bilgisi; Firtina_Lordu; Golge_Zirhi_Tanrisal_Olumsuz | K30: Yemin Halkası | L30: Enerji Dağıtıcısı'yla ruhları görünür kıldı. İlk yakaladığı hayalet katilini değil, onu işaret edince avın anlamı değişti. | M30: =LEN(L30) -> 122 | N30: =IF(L30="","Eksik",IF(M30<=130,"Uygun","130 karakteri aşıyor")) -> Uygun | O30: 4 | P30: Gölge Fermanı düğümünde Ninja sınıfının evren bağlantısı güçlendirildi.
... A63: 125 | B63: GOLGELER_EFENDISI | C63: Ninja | D63: Multi | E63: 5 | F63: Gölge | G63: Belirsiz | H63: Gölge | I63: Tanrısal Gölge Fermanı | J63: YASAM_TANRISI; BUYU_TANRISI; KAOS_SAMPIYONU; Zirh_Tanrisi; ZAMAN_BUKUCU; Butunlestirici; KADIM_BUYUCU; KIYAMET_SAVASCISI; Kara_Zirhli_Ejderha; GOLGE | K63: Evren Mührü | L63: İlk yıldız sönmeden karanlığı tanıyordu. Tüm gölgeler ona uyar; ilk ışıkta bıraktığı gölgeyse gerçek efendiyi söyler. | M63: =LEN(L63) -> 117 | N63: =IF(L63="","Eksik",IF(M63<=130,"Uygun","130 karakteri aşıyor")) -> Uygun | O63: 10 | P63: Tanrısal Gölge Fermanı düğümünde Ninja sınıfının evren bağlantısı güçlendirildi.

Sheet Tank
A1: ID | B1: Karakter | C1: Sınıf | D1: Nadirlik | E1: Önem Derecesi | F1: Irk | G1: Cinsiyet | H1: Element | I1: Hikâye Düğümü | J1: Bağlantı Karakterleri | K1: Bağlantı Türü | L1: Hikâye | M1: Hikâye Harf Sayısı | N1: 130 Kontrol | O1: Bağlantı Sayısı | P1: Profesyonel Not
A2: 126 | B2: DEMiR_MUHAFIZ | C2: Tank | D2: Yaygın | E2: 1 | F2: İnsan | G2: Erkek | H2: Metal | I2: Çelik Yemin | J2: CIRAK_SIFACI; KIZIL_SAVASCI; YILDIRIM_ADEPTI; Golgelerin_Ustasi_Golge | K2: Yemin Halkası | L2: Çırak Şifacı'yı korurken geri çekilme emrini duymadı. Demir zırhındaki her oyuk, kurtardığı bir canın söyleyemediği teşekkürdür. | M2: =LEN(L2) -> 128 | N2: =IF(L2="","Eksik",IF(M2<=130,"Uygun","130 karakteri aşıyor")) -> Uygun | O2: 4 | P2: Çelik Yemin düğümünde Tank sınıfının evren bağlantısı güçlendirildi.
A3: 127 | B3: Kaya_Bekcisi_hayvan | C3: Tank | D3: Yaygın | E3: 1 | F3: Canavar | G3: Belirsiz | H3: Toprak | I3: Çelik Yemin | J3: RUH_BEKCISI; SAVAS_CIRAGI; GOLGE_BUYUCUSU | K3: Cephe Tanıklığı | L3: Savaş Çırağı'nı kayanın altında buldu, tüm dağı sırtında tuttu. Köylüler ona canavar der; çıkan her çocukla biraz doğrulur. | M3: =LEN(L3) -> 123 | N3: =IF(L3="","Eksik",IF(M3<=130,"Uygun","130 karakteri aşıyor")) -> Uygun | O3: 3 | P3: Çelik Yemin düğümünde Tank sınıfının evren bağlantısı güçlendirildi.
A4: 128 | B4: Zincir_Koruyucu | C4: Tank | D4: Yaygın | E4: 1 | F4: İnsan | G4: Erkek | H4: Metal | I4: Taş Ahit | J4: UMUT_TASIYICI; Zirve_Pencesi; Kita_Buyucusu; Kritik_Golge_Golge | K4: Borç Kaydı | L4: Zincirlerini Umut Taşıyıcı kırdı. Halkaları atmadı; dostlarına zırh örer, bir daha kimseyi tutsak etmemeye verdiği sözü taşır. | M4: =LEN(L4) -> 126 | N4: =IF(L4="","Eksik",IF(M4<=130,"Uygun","130 karakteri aşıyor")) -> Uygun | O4: 4 | P4: Taş Ahit düğümünde Tank sınıfının evren bağlantısı güçlendirildi.
A5: 129 | B5: Ates_Tasi_Ejderhasi_Ejdersoy | C5: Tank | D5: Yaygın | E5: 1 | F5: Sürüngensoy | G5: Belirsiz | H5: Ateş | I5: Kızıl Antlaşma | J5: Sifa_Yildizi; Savasin_Efendisi; Ruzgar_Efendisi | K5: Sınır Muhafazası | L5: Kızıl Antlaşma'yı korumak için ateşini taşa hapsetti. Her darbe bir çatlak açar; pulları kırılırsa dostu da düşmanı da yanacak. | M5: =LEN(L5) -> 127 | N5: =IF(L5="","Eksik",IF(M5<=130,"Uygun","130 karakteri aşıyor")) -> Uygun | O5: 3 | P5: Kızıl Antlaşma düğümünde Tank sınıfının evren bağlantısı güçlendirildi.
A6: 130 | B6: Demir_Asker_Tanrisal_Olumsuz | C6: Tank | D6: Yaygın | E6: 1 | F6: Ölümsüz | G6: Belirsiz | H6: Savaş | I6: Kaos Tacı | J6: Umut_Alevi; Yildiz_Savascisi; Zaman_Efendisi; Gizli_Yikici_Cuce | K6: Yemin Halkası | L6: Zaman Efendisi'nin unuttuğu savaşta kaldı. Ölümsüz bedeni nöbette; her çağ yeni bir düşman getirirken koruduğu şehrin adı değişir. | M6: =LEN(L6) -> 130 | N6: =IF(L6="","Eksik",IF(M6<=130,"Uygun","130 karakteri aşıyor")) -> Uygun | O6: 4 | P6: Kaos Tacı düğümünde Tank sınıfının evren bağlantısı güçlendirildi.
A7: 131 | B7: Tas_Yurekli_Tanrisal_Olumsuz | C7: Tank | D7: Yaygın | E7: 1 | F7: Ölümsüz | G7: Belirsiz | H7: Yaşam | I7: Kaos Tacı | J7: Hayat_Akisi; Kutsal_Asker; ARKAN_BUYUCUSU | K7: Cephe Tanıklığı | L7: Kaos Tacı'nı taşımak için kalbini taşa çevirdi. Hayat Akışı bir gün tek atış duydu; hissetmeye başlarsa tüm eski acıları dönecek. | M7: =LEN(L7) -> 129 | N7: =IF(L7="","Eksik",IF(M7<=130,"Uygun","130 karakteri aşıyor")) -> Uygun | O7: 3 | P7: Kaos Tacı düğümünde Tank sınıfının evren bağlantısı güçlendirildi.
A8: 132 | B8: Celik_Muhafiz_Tanrisal_Olumsuz | C8: Tank | D8: Yaygın | E8: 1 | F8: Ölümsüz | G8: Belirsiz | H8: Yaşam | I8: Kaos Tacı | J8: Kutsal_Isik; Kanli_Kalkan; ELEMENTALIST; Sinsi_Safak_Insan | K8: Borç Kaydı | L8: Kanlı Kalkan'a verdiği sözle darbeleri bedeninde toplar. Her savaşta güçlenir ama zırhında dostlarına sarılacak yer azalır. | M8: =LEN(L8) -> 123 | N8: =IF(L8="","Eksik",IF(M8<=130,"Uygun","130 karakteri aşıyor")) -> Uygun | O8: 4 | P8: Kaos Tacı düğümünde Tank sınıfının evren bağlantısı güçlendirildi.
A9: 133 | B9: Kalkan_Kralicesi_Tanrisal_Olumsuz | C9: Tank | D9: Yaygın | E9: 1 | F9: Ölümsüz | G9: Kadın | H9: Yaşam | I9: Kaos Tacı | J9: Sonsuz_Sifaci; Yikim_Avcisi; Efsanevi_Arcanist | K9: Sınır Muhafazası | L9: Sonsuz Şifacı'yı kurtarmak için tahtından indi. Tacını kalkanına dövdü; önünde eğilenler hükümdar değil, sığınak arar. | M9: =LEN(L9) -> 118 | N9: =IF(L9="","Eksik",IF(M9<=130,"Uygun","130 karakteri aşıyor")) -> Uygun | O9: 3 | P9: Kaos Tacı düğümünde Tank sınıfının evren bağlantısı güçlendirildi.
A10: 134 | B10: Kara_Zirhli_Bayan_Tanrisal_Olumsuz | C10: Tank | D10: Yaygın | E10: 1 | F10: Ölümsüz | G10: Kadın | H10: Gölge | I10: Gölge Fermanı | J10: Isik_Yoldasi; Firtina_Celik; Aetherian_Adept; Gizli_Gozcu_Golge | K10: Yemin Halkası | L10: Işık Yoldaşı'yla sürgüne çıktı, kraliyet zırhını bırakmadı. Ona saldıran askerleri tanır; her darbede karşılık vermemeyi seçer. | M10: =LEN(L10) -> 127 | N10: =IF(L10="","Eksik",IF(M10<=130,"Uygun","130 karakteri aşıyor")) -> Uygun | O10: 4 | P10: Gölge Fermanı düğümünde Tank sınıfının evren bağlantısı güçlendirildi.
A11: 135 | B11: Golge_Kalkani_Nam-i_DigerOlumsuz_TanricasiTanrisal_Olumsuz | C11: Tank | D11: Yaygın | E11: 1 | F11: Ölümsüz | G11: Belirsiz | H11: Gölge | I11: Gölge Fermanı | J11: Doga_Efendisi; Altin_Yildiz; Gece_Isiginin_Efendisi | K11: Cephe Tanıklığı | L11: Altın Yıldız sönerken gölgeyi kalkanına çekti. Halkını kurtardı ama yüzü karardı; koruduğu çocuklar onu görünce artık saklanıyor. | M11: =LEN(L11) -> 129 | N11: =IF(L11="","Eksik",IF(M11<=130,"Uygun","130 karakteri aşıyor")) -> Uygun | O11: 3 | P11: Gölge Fermanı düğümünde Tank sınıfının evren bağlantısı güçlendirildi.
A12: 136 | B12: Immortal_Shielded_-_Tanrisal_Olumsuz | C12: Tank | D12: Yaygın | E12: 1 | F12: Ölümsüz | G12: Belirsiz | H12: Ruh | I12: Kaos Tacı | J12: Zihinsel_Sifaci; Olumsuz_Kilic; Yikim_Meclisi; Silent_Destructor_Insan | K12: Borç Kaydı | L12: Ölümsüz Kılıç'la aynı yemine bağlandı. Her düşüşte ayağa kalkar; cezası ölmemek değil, koruyamadığı yüzleri unutmamaktır. | M12: =LEN(L12) -> 121 | N12: =IF(L12="","Eksik",IF(M12<=130,"Uygun","130 karakteri aşıyor")) -> Uygun | O12: 4 | P12: Kaos Tacı düğümünde Tank sınıfının evren bağlantısı güçlendirildi.
A13: 137 | B13: Kalkan_Titani_Tanrisal_Olumsuz | C13: Tank | D13: Yaygın | E13: 1 | F13: Ölümsüz | G13: Belirsiz | H13: Ruh | I13: Kaos Tacı | J13: Hayat_Koruyucusu; Simsek_Askeri; Astral_Hukumdar | K13: Sınır Muhafazası | L13: Astral Hükümdar'ın tahtı düşerken halkın önüne geçti. Kral kaçtı; titan omuzlarında taşıdığı gücü artık hiçbir tahta borç saymaz. | M13: =LEN(L13) -> 129 | N13: =IF(L13="","Eksik",IF(M13<=130,"Uygun","130 karakteri aşıyor")) -> Uygun | O13: 3 | P13: Kaos Tacı düğümünde Tank sınıfının evren bağlantısı güçlendirildi.
... A18: 142 | B18: Buz_Zirhi_Ejdersoy | C18: Tank | D18: Yaygın | E18: 1 | F18: Ejdersoy | G18: Belirsiz | H18: Buz | I18: Buz Mührü | J18: Evren_Sifacisi; Ejderha_Savascisi; Gok_Tanricesi; Mortal_Shadow_Golge | K18: Yemin Halkası | L18: Ejder ateşini durdurmak için Buz Mührü'ne dokundu. Pullarında donan son nefes erirse, koruduğu köy o yangını yeniden yaşayacak. | M18: =LEN(L18) -> 127 | N18: =IF(L18="","Eksik",IF(M18<=130,"Uygun","130 karakteri aşıyor")) -> Uygun | O18: 4 | P18: Buz Mührü düğümünde Tank sınıfının evren bağlantısı güçlendirildi.
A19: 143 | B19: Yelkenli_Zirh_Insan | C19: Tank | D19: Yaygın | E19: 1 | F19: İnsan | G19: Belirsiz | H19: Fırtına | I19: Çelik Yemin | J19: Isik_Vekili; Tacsiz_Muhafiz; Karanlik_Kader | K19: Cephe Tanıklığı | L19: Taçsız Muhafız'ın batan gemisinden yelkeni kurtardı. Zırhındaki kumaş rüzgâr toplar; üstündeki aile arması hiç kurumaz. | M19: 119 | N19: Uygun | O19: 3 | P19: Çelik Yemin düğümünde Tank sınıfının evren bağlantısı güçlendirildi.
A20: 144 | B20: Zirh_Krali_Cuce | C20: Tank | D20: Yaygın | E20: 1 | F20: Cüce | G20: Belirsiz | H20: Işık | I20: Çelik Yemin | J20: Mistik_Sifaci; Firtina_Zirhli; Isigin_Yikicisi; Between_The_Shadows_Golge | K20: Borç Kaydı | L20: Cüce tahtını zırhla kazandı; taçları eritti. Halkının her kalkanında, eskiden yalnız kralların taşıdığı altın vardır. | M20: =LEN(L20) -> 117 | N20: =IF(L20="","Eksik",IF(M20<=130,"Uygun","130 karakteri aşıyor")) -> Uygun | O20: 4 | P20: Çelik Yemin düğümünde Tank sınıfının evren bağlantısı güçlendirildi.
A21: 145 | B21: Kutsal_Savunma | C21: Tank | D21: Yaygın | E21: 1 | F21: Cüce | G21: Erkek | H21: Işık | I21: Kutsal Yemin | J21: Hayat_Fisildayicisi; Alevli_Savasci; Elemental_Tanri | K21: Sınır Muhafazası | L21: Alevli Savaşçı'nın önünde kutsal yemin etti. Işığı onu her hain darbeden korur; dostunun kılıcında neden söndüğünü arar. | M21: =LEN(L21) -> 120 | N21: =IF(L21="","Eksik",IF(M21<=130,"Uygun","130 karakteri aşıyor")) -> Uygun | O21: 3 | P21: Kutsal Yemin düğümünde Tank sınıfının evren bağlantısı güçlendirildi.
A22: 146 | B22: Kum_Zirhli_Cuce | C22: Tank | D22: Yaygın | E22: 1 | F22: Cüce | G22: Belirsiz | H22: Toprak | I22: Çelik Yemin | J22: Kadim_Ruh_Samani; Guclu_Savas_Efendisi; Buyulu_Zirve; God_Of_Secrecy_Insan | K22: Yemin Halkası | L22: Gömülen cüce ocağının son bekçisidir. Zırhındaki her taneyi evine taşır; rüzgâr her gece biriktirdiği yolu dağıtır. | M22: =LEN(L22) -> 115 | N22: =IF(L22="","Eksik",IF(M22<=130,"Uygun","130 karakteri aşıyor")) -> Uygun | O22: 4 | P22: Çelik Yemin düğümünde Tank sınıfının evren bağlantısı güçlendirildi.
A23: 147 | B23: Alev_Kalkani_Cuce | C23: Tank | D23: Yaygın | E23: 1 | F23: Cüce | G23: Belirsiz | H23: Ateş | I23: Kızıl Antlaşma | J23: Isigin_Efendisi; Yikici_Gladyator; Goklerin_Efendisi | K23: Cephe Tanıklığı | L23: Yıkıcı Gladyatör'ün kırdığı kalkanı lavda dövdü. Ateş darbeleri geri yollar; ama bir dost dokununca kendisi yanmayı seçer. | M23: =LEN(L23) -> 122 | N23: =IF(L23="","Eksik",IF(M23<=130,"Uygun","130 karakteri aşıyor")) -> Uygun | O23: 3 | P23: Kızıl Antlaşma düğümünde Tank sınıfının evren bağlantısı güçlendirildi.
A24: 148 | B24: Gumus_Zirh_Cuce | C24: Tank | D24: Yaygın | E24: 1 | F24: Cüce | G24: Belirsiz | H24: Metal | I24: Çelik Yemin | J24: Hayat_Armonisti; Kutsal_Zirh; Yuce_Akil; Gece_Yilani_Surungensoy | K24: Borç Kaydı | L24: Hayat Armonisti'nin ezgisini gümüşe işledi. Zırhı çınladıkça dostları güçlenir; savaşta yitirdiği sesi yalnız metalinde duyulur. | M24: =LEN(L24) -> 128 | N24: =IF(L24="","Eksik",IF(M24<=130,"Uygun","130 karakteri aşıyor")) -> Uygun | O24: 4 | P24: Çelik Yemin düğümünde Tank sınıfının evren bağlantısı güçlendirildi.
A25: 149 | B25: Savas_Tanrisi_Tanrisal_Olumsuz | C25: Tank | D25: Yaygın | E25: 1 | F25: Ölümsüz | G25: Belirsiz | H25: Savaş | I25: Kaos Tacı | J25: Zamanin_Yoldasi; Ejderha_Kafali; Kadim_Guc | K25: Sınır Muhafazası | L25: Kaos Tacı'nın ilk savaşından beri yenilmedi. Zamanın Yoldaşı boş meydanı gösterdi; kimse kalmayınca zaferin anlamını aradı. | M25: =LEN(L25) -> 123 | N25: =IF(L25="","Eksik",IF(M25<=130,"Uygun","130 karakteri aşıyor")) -> Uygun | O25: 3 | P25: Kaos Tacı düğümünde Tank sınıfının evren bağlantısı güçlendirildi.
A26: 150 | B26: FIRTINA_ZIRHI_Cuce | C26: Tank | D26: Yaygın | E26: 1 | F26: Cüce | G26: Belirsiz | H26: Fırtına | I26: Fırtına Divanı | J26: Kutsal_Sifaci; Buyuk_Kanli_Asker; Felsefe_Buyucusu; Kritik_Kara_Pence_Golge | K26: Yemin Halkası | L26: Fırtına Divanı'nın yıldırımını cüce zırhına hapsetti. Geri çekilirse fırtına köyüne dönecek; her savaşı yerinde karşılar. | M26: =LEN(L26) -> 121 | N26: =IF(L26="","Eksik",IF(M26<=130,"Uygun","130 karakteri aşıyor")) -> Uygun | O26: 4 | P26: Fırtına Divanı düğümünde Tank sınıfının evren bağlantısı güçlendirildi.
A27: 151 | B27: Hancer_Zirhi_Cuce | C27: Tank | D27: Yaygın | E27: 1 | F27: Cüce | G27: Belirsiz | H27: Zihin | I27: Çelik Yemin | J27: Evrenin_Korumacisi; Zirhli_Efendi; Kehanetci | K27: Cephe Tanıklığı | L27: Kehanetçi'nin gördüğü kuşatmaya hazırlandı. Ölülerinin hançerlerini zırhına gömdü; adları olmadan onları koruyamaz sanır. | M27: =LEN(L27) -> 121 | N27: =IF(L27="","Eksik",IF(M27<=130,"Uygun","130 karakteri aşıyor")) -> Uygun | O27: 3 | P27: Çelik Yemin düğümünde Tank sınıfının evren bağlantısı güçlendirildi.
A28: 152 | B28: Simsek_Kalkani_Cuce | C28: Tank | D28: Yaygın | E28: 1 | F28: Cüce | G28: Belirsiz | H28: Fırtına | I28: Fırtına Divanı | J28: Yasamin_Bekcisi; Firtina_Kilici; Buyuk_Arcana; Sinsi_Kilic_Golge | K28: Borç Kaydı | L28: Fırtına Kılıcı'nı korurken ilk yıldırımı kalkanında tuttu. Gök her gürlediğinde birini kurtarır, içindeki fırtına daha büyür. | M28: =LEN(L28) -> 125 | N28: =IF(L28="","Eksik",IF(M28<=130,"Uygun","130 karakteri aşıyor")) -> Uygun | O28: 4 | P28: Fırtına Divanı düğümünde Tank sınıfının evren bağlantısı güçlendirildi.
A29: 153 | B29: AgirZirh_insan | C29: Tank | D29: Yaygın | E29: 1 | F29: Astral | G29: Belirsiz | H29: Işık | I29: Çelik Yemin | J29: Felsefe_Sifacisi; Kutsal_Pence; Galaktik_Bilgisi | K29: Sınır Muhafazası | L29: Kutsal Pençe'yi bıraktığı gece kaçabilmişti. O utançla dövdüğü ağır zırh geri adım attırmaz; yalnız ileri yürümeyi bilir. | M29: =LEN(L29) -> 121 | N29: =IF(L29="","Eksik",IF(M29<=130,"Uygun","130 karakteri aşıyor")) -> Uygun | O29: 3 | P29: Çelik Yemin düğümünde Tank sınıfının evren bağlantısı güçlendirildi.
A30: 154 | B30: Ejderha_Zirhli_Ejdersoy | C30: Tank | D30: Yaygın | E30: 1 | F30: Ejdersoy | G30: Belirsiz | H30: Zehir | I30: Çelik Yemin | J30: Enerji_Dagiticisi; Zirve_Efendisi; Astral_Savunucu; Firtinali_Golge_Golge | K30: Yemin Halkası | L30: Zirve Efendisi'ne son ejder pulunu emanet etti. Bedenindeki zırh kırılırsa soyu bitecek; halkının bunu bilmeden güvenmesini ister. | M30: =LEN(L30) -> 130 | N30: =IF(L30="","Eksik",IF(M30<=130,"Uygun","130 karakteri aşıyor")) -> Uygun | O30: 4 | P30: Çelik Yemin düğümünde Tank sınıfının evren bağlantısı güçlendirildi.
A31: 155 | B31: Demir_Kafes_Insan | C31: Tank | D31: Yaygın | E31: 1 | F31: İnsan | G31: Erkek | H31: Metal | I31: Çelik Yemin | J31: Doga_Ustasi; Firtina_Lordu; Hayalet_Ustasi | K31: Cephe Tanıklığı | L31: Doğa Ustası'nı kurtarıp kafesini zırh yaptı. Dostlarını korudukça duvarları yükselir; siperinin ne zaman hapse dönüştüğünü arar. | M31: =LEN(L31) -> 128 | N31: =IF(L31="","Eksik",IF(M31<=130,"Uygun","130 karakteri aşıyor")) -> Uygun | O31: 3 | P31: Çelik Yemin düğümünde Tank sınıfının evren bağlantısı güçlendirildi.
... A63: 187 | B63: EVREN_KORUYUCUSU | C63: Tank | D63: Multi | E63: 5 | F63: İnsan | G63: Belirsiz | H63: Astral | I63: Tanrısal Yıldız Geçidi | J63: YASAM_TANRISI; SAVAS_TANRISI; EVREN_BUYUCUSU; OLUM_TANRISI; ZAMAN_BUKUCU; Butunlestirici; ZAFER_MELEGI; Eski_Kitap_Ustasi; BOYUT_KATILI; Yikim_Tanrisi | K63: Evren Mührü | L63: Evren Büyücüsü'nün ilk yarığında nöbete durdu. Arkasında sayısız dünya yaşar; önünde kurtaramadığı evreni sessizce parçalanır. | M63: =LEN(L63) -> 126 | N63: =IF(L63="","Eksik",IF(M63<=130,"Uygun","130 karakteri aşıyor")) -> Uygun | O63: 10 | P63: Tanrısal Yıldız Geçidi düğümünde Tank sınıfının evren bağlantısı güçlendirildi.

Sheet Büyücü
A1: ID | B1: Karakter | C1: Sınıf | D1: Nadirlik | E1: Önem Derecesi | F1: Irk | G1: Cinsiyet | H1: Element | I1: Hikâye Düğümü | J1: Bağlantı Karakterleri | K1: Bağlantı Türü | L1: Hikâye | M1: Hikâye Harf Sayısı | N1: 130 Kontrol | O1: Bağlantı Sayısı | P1: Profesyonel Not
A2: 188 | B2: Ates_Ciragi | C2: Büyücü | D2: Yaygın | E2: 1 | F2: İnsan | G2: Erkek | H2: Ateş | I2: Kızıl Antlaşma | J2: CIRAK_SIFACI; Zehir_Bicagi_Insan; Zincir_Koruyucu; Zirve_Pencesi | K2: Yemin Halkası | L2: Çırak Şifacı'yı kurtaran alevi, ustalarını da aldı. Her büyüde o çığlığı duyar; ateşini değil, ellerinin titremesini gizler. | M2: =LEN(L2) -> 124 | N2: =IF(L2="","Eksik",IF(M2<=130,"Uygun","130 karakteri aşıyor")) -> Uygun | O2: 4 | P2: Kızıl Antlaşma düğümünde Büyücü sınıfının evren bağlantısı güçlendirildi.
A3: 189 | B3: BUZ_OGRENCISI | C3: Büyücü | D3: Yaygın | E3: 1 | F3: İnsan | G3: Erkek | H3: Buz | I3: Buz Mührü | J3: RUH_BEKCISI; Hizli_Bicak_Insan; Ates_Tasi_Ejderhasi_Ejdersoy | K3: Cephe Tanıklığı | L3: Ruh Bekçisi'nin koruduğu elleriyle düşmanını dondurdu. Buzda bir dost yüzü gördü; mührü çözmeden gerçeği öğrenemeyecek. | M3: =LEN(L3) -> 119 | N3: =IF(L3="","Eksik",IF(M3<=130,"Uygun","130 karakteri aşıyor")) -> Uygun | O3: 3 | P3: Buz Mührü düğümünde Büyücü sınıfının evren bağlantısı güçlendirildi.
A4: 190 | B4: YILDIRIM_ADEPTI | C4: Büyücü | D4: Yaygın | E4: 1 | F4: İnsan | G4: Kadın | H4: Fırtına | I4: Fırtına Divanı | J4: UMUT_TASIYICI; Golgelerin_Ustasi_Golge; Demir_Asker_Tanrisal_Olumsuz; Yildiz_Savascisi | K4: Borç Kaydı | L4: Fırtına Divanı'nda yıldırımla sınandı. Gücünü bölüşmeyi reddedince ordusu düştü; kazandığı her yükü önce dostlarına dağıtır. | M4: =LEN(L4) -> 124 | N4: =IF(L4="","Eksik",IF(M4<=130,"Uygun","130 karakteri aşıyor")) -> Uygun | O4: 4 | P4: Fırtına Divanı düğümünde Büyücü sınıfının evren bağlantısı güçlendirildi.
A5: 191 | B5: GOLGE_BUYUCUSU | C5: Büyücü | D5: Yaygın | E5: 1 | F5: Gölge | G5: Belirsiz | H5: Gölge | I5: Gölge Fermanı | J5: Sifa_Yildizi; Zehirli_Pence_Golge; Tas_Yurekli_Tanrisal_Olumsuz | K5: Sınır Muhafazası | L5: Şifa Yıldızı sönünce gölgeye sığındı. Sağ çıktı ama yansıması geride kaldı; her büyüsünde o eski suret geri dönmek ister. | M5: =LEN(L5) -> 121 | N5: =IF(L5="","Eksik",IF(M5<=130,"Uygun","130 karakteri aşıyor")) -> Uygun | O5: 3 | P5: Gölge Fermanı düğümünde Büyücü sınıfının evren bağlantısı güçlendirildi.
A6: 192 | B6: Kita_Buyucusu | C6: Büyücü | D6: Yaygın | E6: 1 | F6: İnsan | G6: Erkek | H6: Toprak | I6: Arkan Defteri | J6: Umut_Alevi; Kritik_Golge_Golge; Celik_Muhafiz_Tanrisal_Olumsuz; Kanli_Kalkan | K6: Yemin Halkası | L6: Toprağın hafızasını okuyarak kıtaların gücünü çağırır. Her büyüsü derinlerden yankı getirir; bazen ses, onu eve çağıran annesidir. | M6: =LEN(L6) -> 130 | N6: =IF(L6="","Eksik",IF(M6<=130,"Uygun","130 karakteri aşıyor")) -> Uygun | O6: 4 | P6: Arkan Defteri düğümünde Büyücü sınıfının evren bağlantısı güçlendirildi.
A7: 193 | B7: Ruzgar_Efendisi | C7: Büyücü | D7: Yaygın | E7: 1 | F7: İnsan | G7: Erkek | H7: Fırtına | I7: Fırtına Divanı | J7: Hayat_Akisi; Nightmare_Karabasan_Golge; Kalkan_Kralicesi_Tanrisal_Olumsuz | K7: Cephe Tanıklığı | L7: Hayat Akışı'nın kuruduğu vadiye rüzgâr taşıdı. Sular geri geldi, evi silindi; gittiği her yerde yeni kökler salmayı öğrenir. | M7: =LEN(L7) -> 124 | N7: =IF(L7="","Eksik",IF(M7<=130,"Uygun","130 karakteri aşıyor")) -> Uygun | O7: 3 | P7: Fırtına Divanı düğümünde Büyücü sınıfının evren bağlantısı güçlendirildi.
A8: 194 | B8: Zaman_Efendisi | C8: Büyücü | D8: Yaygın | E8: 1 | F8: İnsan | G8: Kadın | H8: Zaman | I8: Zaman Düğümü | J8: Kutsal_Isik; Gizli_Yikici_Cuce; Kara_Zirhli_Bayan_Tanrisal_Olumsuz; Firtina_Celik | K8: Borç Kaydı | L8: Kutsal Işık sönerken saati durdurdu. Dostları yaşadı, dışarıda yıllar geçti; çocuğunu yabancı olarak tanımak zamanın bedeliydi. | M8: =LEN(L8) -> 127 | N8: =IF(L8="","Eksik",IF(M8<=130,"Uygun","130 karakteri aşıyor")) -> Uygun | O8: 4 | P8: Zaman Düğümü düğümünde Büyücü sınıfının evren bağlantısı güçlendirildi.
A9: 195 | B9: ARKAN_BUYUCUSU | C9: Büyücü | D9: Yaygın | E9: 1 | F9: İnsan | G9: Kadın | H9: Arkan | I9: Arkan Defteri | J9: Sonsuz_Sifaci; Karanlik_Vekil_Golge; Golge_Kalkani_Nam-i_DigerOlumsuz_TanricasiTanrisal_Olumsuz | K9: Sınır Muhafazası | L9: Çocukken bulduğu Arkan kitabının son sayfası patladı, gücü uyandı. Her sır çocukluğundan bir anıyı siler; kitabı bırakamaz. | M9: =LEN(L9) -> 123 | N9: =IF(L9="","Eksik",IF(M9<=130,"Uygun","130 karakteri aşıyor")) -> Uygun | O9: 3 | P9: Arkan Defteri düğümünde Büyücü sınıfının evren bağlantısı güçlendirildi.
A10: 196 | B10: ELEMENTALIST | C10: Büyücü | D10: Yaygın | E10: 1 | F10: Mutant | G10: Erkek | H10: Denge | I10: Arkan Defteri | J10: Isik_Yoldasi; Sinsi_Safak_Insan; Immortal_Shielded_-_Tanrisal_Olumsuz; Olumsuz_Kilic | K10: Yemin Halkası | L10: Arkan Defteri'nde tek element seçmeyi reddetti. Ateşle buzu barıştırdı; ustasının yasakladığı güç, dostlarına yol açtı. | M10: =LEN(L10) -> 119 | N10: =IF(L10="","Eksik",IF(M10<=130,"Uygun","130 karakteri aşıyor")) -> Uygun | O10: 4 | P10: Arkan Defteri düğümünde Büyücü sınıfının evren bağlantısı güçlendirildi.
A11: 197 | B11: Efsanevi_Arcanist | C11: Büyücü | D11: Yaygın | E11: 1 | F11: İnsan | G11: Erkek | H11: Doğa | I11: Arkan Defteri | J11: Doga_Efendisi; High_Ninja_Insan; Kalkan_Titani_Tanrisal_Olumsuz | K11: Cephe Tanıklığı | L11: Doğa Efendisi'nin köklerinde kayıp rünler buldu. Büyü uğruna ormanı kesmesi istendi; defteri değil, yaşayan bilgiyi korudu. | M11: =LEN(L11) -> 123 | N11: =IF(L11="","Eksik",IF(M11<=130,"Uygun","130 karakteri aşıyor")) -> Uygun | O11: 3 | P11: Arkan Defteri düğümünde Büyücü sınıfının evren bağlantısı güçlendirildi.
A12: 198 | B12: Aetherian_Adept | C12: Büyücü | D12: Yaygın | E12: 1 | F12: Astral | G12: Erkek | H12: Astral | I12: Yıldız Geçidi | J12: Zihinsel_Sifaci; Gizli_Gozcu_Golge; Zirhli_Dev_Ejdersoy; Buyuk_Celik_Avci | K12: Borç Kaydı | L12: Yıldız Geçidi'nde felaketi gördü, kimseyi inandıramadı. Sönen yıldızlar haritasını doğrular; en büyük korkusu haklı çıkmaktır. | M12: =LEN(L12) -> 126 | N12: =IF(L12="","Eksik",IF(M12<=130,"Uygun","130 karakteri aşıyor")) -> Uygun | O12: 4 | P12: Yıldız Geçidi düğümünde Büyücü sınıfının evren bağlantısı güçlendirildi.
A13: 199 | B13: Gece_Isiginin_Efendisi | C13: Büyücü | D13: Yaygın | E13: 1 | F13: Gölge | G13: Kadın | H13: Gölge | I13: Gölge Fermanı | J13: Hayat_Koruyucusu; Immortal_Shadow_golge; Demir_Zirh_Ejdersoy | K13: Sınır Muhafazası | L13: Hayat Koruyucusu'yla gecenin son ışığını sakladı. Gündüz hain sayılır; karanlık çökünce aynı halkın çocuklarını eve götürür. | M13: =LEN(L13) -> 124 | N13: =IF(L13="","Eksik",IF(M13<=130,"Uygun","130 karakteri aşıyor")) -> Uygun | O13: 3 | P13: Gölge Fermanı düğümünde Büyücü sınıfının evren bağlantısı güçlendirildi.
... A63: 249 | B63: EVREN_BUYUCUSU | C63: Büyücü | D63: Multi | E63: 5 | F63: Astral | G63: Belirsiz | H63: Astral | I63: Tanrısal Yıldız Geçidi | J63: YASAM_TANRISI; OLUM_TANRISI; EVREN_KORUYUCUSU; SAVAS_TANRISI; ZAMAN_BUKUCU; Butunlestirici; GOLGE_LORDU; OLUMSUZ_KALKANLI_ASKER; EFSANE_GLADYATOR; Buz_Prensi | K63: Evren Mührü | L63: Yaşam Tanrısı'yla evren kapısını açtı. Daha kusursuz bir dünya gördü; onu almak için kendi dünyasını karanlığa atması gerekecek. | M63: =LEN(L63) -> 128 | N63: =IF(L63="","Eksik",IF(M63<=130,"Uygun","130 karakteri aşıyor")) -> Uygun | O63: 10 | P63: Tanrısal Yıldız Geçidi düğümünde Büyücü sınıfının evren bağlantısı güçlendirildi.

Sheet Savaşçı
A1: ID | B1: Karakter | C1: Sınıf | D1: Nadirlik | E1: Önem Derecesi | F1: Irk | G1: Cinsiyet | H1: Element | I1: Hikâye Düğümü | J1: Bağlantı Karakterleri | K1: Bağlantı Türü | L1: Hikâye | M1: Hikâye Harf Sayısı | N1: 130 Kontrol | O1: Bağlantı Sayısı | P1: Profesyonel Not
A2: 250 | B2: CELIK_KILIC | C2: Savaşçı | D2: Yaygın | E2: 1 | F2: İnsan | G2: Erkek | H2: Metal | I2: Çelik Yemin | J2: CIRAK_SIFACI; Kaya_Bekcisi_hayvan; YILDIRIM_ADEPTI; Golgelerin_Ustasi_Golge | K2: Yemin Halkası | L2: Çırak Şifacı onun yarasını kapattı, ustasını kaybetti. Borcu hiç unutmaz; her zaferden sonra şifacının ardında nöbet tutar. | M2: =LEN(L2) -> 123 | N2: =IF(L2="","Eksik",IF(M2<=130,"Uygun","130 karakteri aşıyor")) -> Uygun | O2: 4 | P2: Çelik Yemin düğümünde Savaşçı sınıfının evren bağlantısı güçlendirildi.
A3: 251 | B3: KIZIL_SAVASCI | C3: Savaşçı | D3: Yaygın | E3: 1 | F3: İnsan | G3: Erkek | H3: Ateş | I3: Kızıl Antlaşma | J3: RUH_BEKCISI; Zincir_Koruyucu; GOLGE_BUYUCUSU | K3: Cephe Tanıklığı | L3: Ruh Bekçisi onu ölümden aldı ama kanındaki ateş dinmedi. Yaralandıkça güçlenir; öfkesini salarsa kurtaran eli de yakacağını bilir. | M3: =LEN(L3) -> 130 | N3: =IF(L3="","Eksik",IF(M3<=130,"Uygun","130 karakteri aşıyor")) -> Uygun | O3: 3 | P3: Kızıl Antlaşma düğümünde Savaşçı sınıfının evren bağlantısı güçlendirildi.
A4: 252 | B4: SAVAS_CIRAGI | C4: Savaşçı | D4: Yaygın | E4: 1 | F4: İnsan | G4: Erkek | H4: Savaş | I4: Kan Meydanı | J4: UMUT_TASIYICI; Ates_Tasi_Ejderhasi_Ejdersoy; Kita_Buyucusu; Kritik_Golge_Golge | K4: Borç Kaydı | L4: Umut Taşıyıcı'yla ilk yenilgisini gördü. Son dersi yaralı düşmanını taşırken öğrendi: Kazanmak, tek başına ayakta kalmak değildir. | M4: =LEN(L4) -> 130 | N4: =IF(L4="","Eksik",IF(M4<=130,"Uygun","130 karakteri aşıyor")) -> Uygun | O4: 4 | P4: Kan Meydanı düğümünde Savaşçı sınıfının evren bağlantısı güçlendirildi.
A5: 253 | B5: Zirve_Pencesi | C5: Savaşçı | D5: Yaygın | E5: 1 | F5: Canavar | G5: Erkek | H5: Zaman | I5: Kan Meydanı | J5: Sifa_Yildizi; Demir_Asker_Tanrisal_Olumsuz; Ruzgar_Efendisi | K5: Sınır Muhafazası | L5: Rüzgâr Efendisi'yle zirveye çıktı, düelloda düştü. Onu rakibi kurtardı; pençesini kaldırırken gücün borcunu hatırlar. | M5: =LEN(L5) -> 117 | N5: =IF(L5="","Eksik",IF(M5<=130,"Uygun","130 karakteri aşıyor")) -> Uygun | O5: 3 | P5: Kan Meydanı düğümünde Savaşçı sınıfının evren bağlantısı güçlendirildi.
A6: 254 | B6: Savasin_Efendisi | C6: Savaşçı | D6: Yaygın | E6: 1 | F6: İnsan | G6: Erkek | H6: Savaş | I6: Kan Meydanı | J6: Umut_Alevi; Tas_Yurekli_Tanrisal_Olumsuz; Zaman_Efendisi; Gizli_Yikici_Cuce | K6: Yemin Halkası | L6: Kan Meydanı'nda tek emriyle dostlarını kaybetti. Saldırmadan önce her askerin adını sorar; bir daha hiçbir canı sayı saymayacak. | M6: =LEN(L6) -> 128 | N6: =IF(L6="","Eksik",IF(M6<=130,"Uygun","130 karakteri aşıyor")) -> Uygun | O6: 4 | P6: Kan Meydanı düğümünde Savaşçı sınıfının evren bağlantısı güçlendirildi.
A7: 255 | B7: Yildiz_Savascisi | C7: Savaşçı | D7: Yaygın | E7: 1 | F7: İnsan | G7: Erkek | H7: Astral | I7: Yıldız Geçidi | J7: Hayat_Akisi; Celik_Muhafiz_Tanrisal_Olumsuz; ARKAN_BUYUCUSU | K7: Cephe Tanıklığı | L7: Arkan Büyücüsü'nün geçidinde sönmüş yıldızını buldu. Işığı zaferle büyür; onu göğe geri verirse tüm gücünü de bırakması gerekecek. | M7: =LEN(L7) -> 130 | N7: =IF(L7="","Eksik",IF(M7<=130,"Uygun","130 karakteri aşıyor")) -> Uygun | O7: 3 | P7: Yıldız Geçidi düğümünde Savaşçı sınıfının evren bağlantısı güçlendirildi.
A8: 256 | B8: Kutsal_Asker | C8: Savaşçı | D8: Yaygın | E8: 1 | F8: İnsan | G8: Kadın | H8: Işık | I8: Kutsal Yemin | J8: Kutsal_Isik; Kalkan_Kralicesi_Tanrisal_Olumsuz; ELEMENTALIST; Sinsi_Safak_Insan | K8: Borç Kaydı | L8: Kutsal Işık'la tapınağı savundu; koruduğu rahiplerin zulmünü gördü. Yemini korumak için değil, değiştirmek için savaşır. | M8: =LEN(L8) -> 120 | N8: =IF(L8="","Eksik",IF(M8<=130,"Uygun","130 karakteri aşıyor")) -> Uygun | O8: 4 | P8: Kutsal Yemin düğümünde Savaşçı sınıfının evren bağlantısı güçlendirildi.
A9: 257 | B9: Kanli_Kalkan | C9: Savaşçı | D9: Yaygın | E9: 1 | F9: İnsan | G9: Belirsiz | H9: Metal | I9: Çelik Yemin | J9: Sonsuz_Sifaci; Kara_Zirhli_Bayan_Tanrisal_Olumsuz; Efsanevi_Arcanist | K9: Sınır Muhafazası | L9: Sonsuz Şifacı'nın önünde kalkanı kana bulandı. Darbeleri geri yansıtır; kurtardığı her can, affedemediği yenilgisini hatırlatır. | M9: =LEN(L9) -> 128 | N9: =IF(L9="","Eksik",IF(M9<=130,"Uygun","130 karakteri aşıyor")) -> Uygun | O9: 3 | P9: Çelik Yemin düğümünde Savaşçı sınıfının evren bağlantısı güçlendirildi.
A10: 258 | B10: Yikim_Avcisi | C10: Savaşçı | D10: Yaygın | E10: 1 | F10: İnsan | G10: Erkek | H10: Kaos | I10: Kaos Tacı | J10: Isik_Yoldasi; Golge_Kalkani_Nam-i_DigerOlumsuz_TanricasiTanrisal_Olumsuz; Aetherian_Adept; Gizli_Gozcu_Golge | K10: Yemin Halkası | L10: Işık Yoldaşı'yla yıkılmış şehrini buldu. Canavarı ararken enkazda ordusunun mührünü gördü; avının pençesi değil sancağı vardı. | M10: =LEN(L10) -> 126 | N10: =IF(L10="","Eksik",IF(M10<=130,"Uygun","130 karakteri aşıyor")) -> Uygun | O10: 4 | P10: Kaos Tacı düğümünde Savaşçı sınıfının evren bağlantısı güçlendirildi.
A11: 259 | B11: Firtina_Celik | C11: Savaşçı | D11: Yaygın | E11: 1 | F11: Elf | G11: Kadın | H11: Fırtına | I11: Fırtına Divanı | J11: Doga_Efendisi; Immortal_Shielded_-_Tanrisal_Olumsuz; Gece_Isiginin_Efendisi | K11: Cephe Tanıklığı | L11: Doğa Efendisi'nin ormanını fırtınadan korudu. Çeliğindeki rüzgâr savaşta özgür kalır; son dalı kırmamak için öfkesini ölçer. | M11: =LEN(L11) -> 124 | N11: =IF(L11="","Eksik",IF(M11<=130,"Uygun","130 karakteri aşıyor")) -> Uygun | O11: 3 | P11: Fırtına Divanı düğümünde Savaşçı sınıfının evren bağlantısı güçlendirildi.
A12: 260 | B12: Altin_Yildiz | C12: Savaşçı | D12: Yaygın | E12: 1 | F12: Elf | G12: Erkek | H12: Astral | I12: Kutsal Yemin | J12: Zihinsel_Sifaci; Kalkan_Titani_Tanrisal_Olumsuz; Yikim_Meclisi; Silent_Destructor_Insan | K12: Borç Kaydı | L12: Kalkan Titanı düşünce yıldızını yere indirdi. Halk onu gökten gelen kurtarıcı sandı; oysa korkan bir dostunun elini bırakmamıştı. | M12: =LEN(L12) -> 129 | N12: =IF(L12="","Eksik",IF(M12<=130,"Uygun","130 karakteri aşıyor")) -> Uygun | O12: 4 | P12: Kutsal Yemin düğümünde Savaşçı sınıfının evren bağlantısı güçlendirildi.
A13: 261 | B13: Olumsuz_Kilic | C13: Savaşçı | D13: Yaygın | E13: 1 | F13: Ölümsüz | G13: Belirsiz | H13: Yaşam | I13: Kaos Tacı | J13: Hayat_Koruyucusu; Zirhli_Dev_Ejdersoy; Astral_Hukumdar | K13: Sınır Muhafazası | L13: Hayat Koruyucusu'na bitmeyen nöbet sözü verdi. Her öldürdüğü can ömrünü uzatır; bir düşmanı bağışladığı gün yaşlandığını anladı. | M13: =LEN(L13) -> 128 | N13: =IF(L13="","Eksik",IF(M13<=130,"Uygun","130 karakteri aşıyor")) -> Uygun | O13: 3 | P13: Kaos Tacı düğümünde Savaşçı sınıfının evren bağlantısı güçlendirildi.
... A63: 311 | B63: KAOS_SAMPIYONU | C63: Savaşçı | D63: Multi | E63: 5 | F63: Astral | G63: Belirsiz | H63: Kaos | I63: Tanrısal Kaos Tacı | J63: YASAM_TANRISI; Zirh_Tanrisi; EVREN_BUYUCUSU; OLUM_TANRISI; ZAMAN_BUKUCU; Butunlestirici; EJDER_PULLU_SOVALYE; Eski_Kitap_Ustasi; BOYUT_KATILI; Karanlik_Savasci | K63: Evren Mührü | L63: Zaman Bükücü'nün düzeltemediği andan doğdu. Herkes düzeni onarmasını ister; dünya kusursuz olursa varlığının silineceğini bilir. | M63: =LEN(L63) -> 128 | N63: =IF(L63="","Eksik",IF(M63<=130,"Uygun","130 karakteri aşıyor")) -> Uygun | O63: 10 | P63: Tanrısal Kaos Tacı düğümünde Savaşçı sınıfının evren bağlantısı güçlendirildi.

Sheet Hikaye_Aglari
A1: Hikâye Düğümü | B1: Ana Tema | C1: Bağlantı Karakterleri | D1: Kullanım Amacı | E1: Ton Notu
A2: Demir Cephe | B2: İlk cephe yarası, askerî dayanıklılık | C2: CELIK_KILIC, DEMIR_MUHAFIZ, KIZIL_SAVASCI, Kutsal_Savunma, ATES_CIRAGI, Zehir_Bicagi_Insan, KANLI_GOLGE, Kaya_Bekcisi_hayvan | D2: Yaygın desteklerin savaş alanına inandırıcı giriş noktası | E2: Bedel, sancak, yemin ve cephe dili
A3: Ruh Borcu | B3: Ölümsüzlük, ruh borcu, yarım kalan yeminler | C3: Olumsuz_Kilic, Demir_Asker_Tanrisal_Olumsuz, Tas_Yurekli_Tanrisal_Olumsuz, KARA_BUYUCUSU, Ruh_Yoneticisi, RUH_BICICI, Immortal_Shadow_golge, OLUMSUZ_KALKANLI_ASKER, Hayalet_Asker | D3: Ruh tabanlı destekleri ninja ve ölümsüz tanklarla bağlar | E3: Karanlık ama melodramdan uzak
A4: Kutsal Taht | B4: Taht, kutsal hüküm, zaferin ahlaki bedeli | C4: Kutsal_Asker, Kutsal_Zirh, Tacsiz_Muhafiz, KUTSAL_KILIC, ZAFER_MELEGI, GOKYUZU_HAKIMI, ISIK_USTASI, Savunma_Prensesi_Insan, KUTSAL_MUHAFIZ | D4: Işık desteklerini savaşçı liderliği ve büyücü otoritesine bağlar | E4: Mahkeme, ferman, tanıklık
A5: Yıldız ve Evren Yarığı | B5: Astral yarık, kozmik yasa, evren borcu | C5: Altin_Yildiz, Gok_Yildizi, Galaktik_Bilgisi, Astral_Savunucu, EVREN_BUYUCUSU, EVREN_KORUYUCUSU, Aetherin_Efendisi, BUYU_TANRISI, SAVAS_TANRISI, KAOS_SAMPIYONU | D5: Üst seviye büyücüler ve Multi evren karakterleriyle köprü kurar | E5: Kozmik ama anlaşılır
A6: Alev ve Ejder Hattı | B6: Ateş, ejder kanı, kül ve savaş yasası | C6: Alevli_Savasci, ALEV_KILICI, Atesli_Kilic, Ates_Lordu, Alev_Krali, MAGMA_KORUYUCU, EJDER_PULLU_SOVALYE, Ejderha_Savascisi, Ejderha_Pencesi, ATES_CIRAGI | D6: Ateş/ejder karakterlerle iyileştirme değil dönüşüm ilişkisi kurar | E6: Kıvılcım, kül, yasa
A7: Doğa ve Zirve Geçidi | B7: Doğa savunması, geçitler, av ve iz | C7: Zirve_Pencesi, Zirve_Kilici, Zirve_Efendisi, Kaya_Bekcisi_hayvan, Kum_Zirhli_Cuce, Gece_Yilani_Surungensoy, Vahsi_Elementalist, DOVUS_USTASI, Zirhli_Dev_Ejdersoy | D7: Doğa desteklerini tank/warrior/ninja geçişlerine bağlar | E7: Orman, çöl, zirve, iz
A8: Gölge Antlaşması | B8: Işık-gölge dengesi, yok etmek yerine sınır çizmek | C8: KARA_SOVALYE, Karanlik_Savasci, Golge_Kalkani, GOLGE_LORDU, GOLGELER_EFENDISI, GOLGE_BUYUCUSU, Zifiri_Buyucu, ABIS_GARDIYANI_golge, Kara_Pence, Kritik_Golge_Golge | D8: Gölge ninjaları ve karanlık savaşçılarla profesyonel çatışma kurar | E8: Antlaşma, kapı, taç, yemin
A9: Zaman ve Arkan Kırığı | B9: Zaman pazarlığı, kader kartı, boyut kapısı | C9: Zaman_Efendisi, ZAMAN_BUYUCUSU, Kader_Orgusu_Arkan_buyucusu, BOYUT_USTASI_bukucu, BOYUT_KATILI, KIYAMET_BUYUCUSU, Kiyamet_Askeri, SAVAS_LORDU, Kehanetci, Buyuk_Arcana | D9: Zaman ve Arkan desteklerini Büyücü/Ninja olaylarına bağlar | E9: Saat, kart, geçit
A10: Fırtına Hattı | B10: Enerji dağılımı, fırtına ritmi, savaş temposu | C10: Firtina_Celik, Simsek_Askeri, FIRTINA_DOVUSCUSU, Yildirim_Muhafizi, Ruzgar_Efendisi, YILDIRIM_ADEPTI, Kritik_Firtina_INSAN, Firtina_Yikici, Firtina_Aslani, Firtina_Efendisi | D10: Fırtına karakterlerini ekip uyumuyla bağlar | E10: Ritim, yük, tempo
A11: Kaos ve Kıyamet Düğümü | B11: Kıyametleri tek ana toplama, kaos bedeli | C11: KIYAMET_SAVASCISI, KIYAMET_BUYUCUSU, KIYAMET_SUIKASTCISI, Kiyamet_Askeri, KAOS_GOLGESI, Karanlik_Kader, Yikim_Tanrisi, Yikim_Avcisi, Yikici_Sovalye, EFSANE_GLADYATOR | D11: Efsanevi ve Multi olay örgüsüne kapı açar | E11: Seçim, bedel, düğüm
A12: Yaşam ve Ölüm Eşiği | B12: Yaşam-ölüm masası, antlaşma, tanrısal denge | C12: YASAM_TANRISI, IYILESTIRME_TANRISI, OLUM_TANRISI, Sonsuz_Savunma, Kanli_Kalkan, YASAM_EFENDISI, Kadim_Yasam_Efendisi, KADIM_SIFACI, Efsanevi_Iyilestirici, Sonsuz_Yasamin_Bekcisi | D12: Destek sınıfının en büyük mitolojik ağı | E12: Silmek değil dengelemek
... A28: Kan Meydanı | B28: Savaşın çıplak hükmü | C28: Savaşçı | D28: Sözlerin bittiği, borcun kılıçla ödendiği alan. | E28: Profesyonel kısa bağlantı dili

Sheet Büyücü Yetenekleri
A1: YAYGIN BÜYÜCÜLER
A2: ATEŞ ÇIRAĞI
A3: Pasif: "Alev Özü" (Büyüler %10 yanma hasarı ekler)
A4: Aktif: "Alev Topu" (Tek hedefe yüksek yanma hasarı)
A5: BUZ ÖĞRENCİSİ
A6: Pasif: "Dondurucu Dokunuş" (%15 yavaşlatma şansı)
A7: Aktif: "Buz Dikenleri" (3 hedefe buz hasarı)
A8: YILDIRIM ADEPTI
A9: Pasif: "Statik Yük" (Her büyü %5 enerji yeniler)
A10: Aktif: "Şok Dalgası" (Çevreye elektrik hasarı)
A11: Gölge Büyücüsü
A12: - Aktif Yetenek: "Gölge Kapanması" – Kendini geçici olarak bir gölgeye dönüştürür ve düşmanlardan %50 daha az hasar alır.
... A196: Aktif: "Evren Çöküşü" (Rakipleri kara deliğe çeker)

Sheet Destek Yetenekleri
A2: YAYGIN DESTEK
A3: ÇIRAK ŞİFACI
A4: Pasif: "İyileştirme Özü" (İyileştirmeler %10 güçlü)
A5: Aktif: "Yaşam Dokunuşu" (Tek hedefe anlık iyileştirme)
A6: RUH BEKÇİSİ
A7: Pasif: "Ruh Bağı" (Bağlandığı takım arkadaşıyla HP paylaşımı)
A8: Aktif: "Ruh Kalkanı" (Tek hedefe hasar kalkanı)
A9: UMUT TAŞIYICI
A10: Pasif: "Umut Işığı" (Takım HP'si düşükken iyileştirmeler güçlenir)
A11: Aktif: "Cesaret Aurası" (Takıma moral bonusu, saldırı +2)
A12: Şifa Yıldızı
A13: - Pasif Yetenek: Yıldız Işığı – Şifa Yıldızı, savaşın her turunda, kendisi ve yakınındaki tüm dostlara %5 sağlık iyileştirir. Bu iyileştirme, savaşın gidişatına göre artabilir.
... A211: Bu yetenekler, Zaman Bükücü karakterinin savaşta rakiplerini kontrol etme ve takımını iyileştirme yeteneklerine odaklanır. Zamanı kontrol ederek rakiplerin hareketlerini kısıtlamak ve kendi takımının hayatta kalma şansını artırmak, Zaman Bükücü'nün güçlü yönlerinden biridir.

Sheet Savaşçı Yetenekleri
A1: YAYGIN SAVAŞÇILAR
A2: ÇELİK KILIÇ:
A3: Pasif: "Keskin Göz" (İlk saldırı %15 ekstra hasar)
A4: Aktif: "Çelik Kasırga" (Çevresine 3 vuruş yapar)
A5: KIZIL SAVAŞÇI
A6: Pasif: "Kan Ateşi" (HP azaldıkça saldırı gücü artar, max +%15)
A7: Aktif: "Kızıl Öfke" (2 tur boyunca saldırı hızı artar)
A8: SAVAŞ ÇIRAĞI
A9: Pasif: "Hızlı Öğrenme" (Her 5 turda bir saldırı +2)
A10: Aktif: "Usta Tekniği" (Bir sonraki saldırı garantili kritik)
A11: Zirve Pençesi
A12: - Pasif Yetenek: Pençe Gücü – Her saldırıda, hedefin savunması %10 azalır.
... A200: Aktif: "Kaos Fırtınası" (Kontrol edilemez yıkım alanı)

Sheet Suikastçı Yetenekleri
A1: YAYGIN SUİKASTÇILAR
A2: GÖLGE ÇIRAĞI:
A3: Pasif: "Karanlıkta Görüş" (Arkadan saldırılar %15 güçlü)
A4: Aktif: "Gölge Adımı" (Kısa mesafe ışınlanma)
A5: ZEHİR BIÇAĞI:
A6: Pasif: "Zehirli Darbe" (Saldırılar %10 zehir hasarı ekler)
A7: Aktif: "Zehir Bulutu" (Alan zehir hasarı)
A8: HIZLI BIÇAK
A9: Pasif: "Çeviklik" (İlk saldırıda %20 kaçınma şansı)
A10: Aktif: "Hızlı Kesim" (3 hızlı saldırı)
A11: Zehirli Pençe
A12: Pasif: "Kan Zehri" – Yakın dövüş saldırıları, 5 saniye boyunca hedefi zehirler (%8 ekstra hasar).
... A192: Aktif: "Gölge Kıyameti" (Arena karanlığa gömülür, tam kontrol)

Sheet Tank Yetenekleri
A2: YAYGIN TANKLAR
A4: DEMİR MUHAFIZ
A5: Pasif: "Demir İrade" (HP %10'un altına düşünce 1 tur +500 dex)
A6: Aktif: "Demir Duvar" (2 müttefiğe 2 tur boyunca +300 dex)
A7: KAYA BEKÇİSİ
A8: Pasif: "Granit Deri" (İlk alınan hasar %35 azalır)
A9: Aktif: "Toprak Kalkanı" (Kendine 3 tur boyunca +400 def
A10: ZİNCİR KORUYUCU
A11: Pasif: "Zincir Zırh" (Bütün her tur müttefiklere +10 def)
A12: Aktif: "Zincir Çekiş" (Bir düşmanı kendine çeker ve 1 tur defleri sıfırlar)
A13: Ateş Taşı Ejderhası
A14: Pasif Yetenek: Ateş Duvarı
... A503: Aktif: "Evrensel Kalkan" (5 tur boyunca takıma %50 hasar azaltma - 12 tur cd)

Sheet Denge_Degisiklikleri
A1: ID | B1: Karakter | C1: Sınıf | D1: Görsel Sayısı | E1: Görselde Görünen | F1: Önceki Taslak | G1: Yeni Irk | H1: Güven | I1: Gerekçe | J1: Hikâye
A2: 4 | B2: Sifa_Yildizi | C2: Destek | D2: 1 | E2: İnsan görünümlü | F2: İnsan | G2: Elf | H2: Orta | I2: Görsel: İnsan görünümlü | Dağılım revizyonu: İnsan → Elf. | J2: Kaybolan kardeşini yıldız haritasında arar. Her şifada bir yıldız söner; kurtardığı canlar eve dönüş yolunu yavaşça siler.
A3: 6 | B3: Hayat_Akisi | C3: Destek | D3: 1 | E3: Elf görünümlü | F3: Elf | G3: Elf | H3: Kesin — kullanıcı onayı/kuralı | I3: Görsel: Elf görünümlü | J3: Nehrini kurtarmak için Ölüm Tanrısı'yla anlaştı. Suları herkese yaşam verir; yalnız içinden yükselen annesinin sesi hiç susmaz.
A4: 7 | B4: Kutsal_Isik | C4: Destek | D4: 1 | E4: İnsan görünümlü | F4: Melek | G4: Melek | H4: Kesin — kullanıcı onayı/kuralı | I4: Görsel: İnsan görünümlü | J4: Kutsal Taht'ın suçlu saydığı çocuğu iyileştirdiği için sürüldü. Kanatları söküldü ama ışığını kimin hak ettiğini kendisi seçer.
A5: 8 | B5: Sonsuz_Sifaci | C5: Destek | D5: 1 | E5: İnsan görünümlü | F5: Ölümsüz | G5: Ölümsüz | H5: Kesin — kullanıcı onayı/kuralı | I5: Görsel: İnsan görünümlü | J5: Ölümsüzlüğünü bir köye adadı; köy yüzyıllar önce yok oldu. Şifa verdiği yüzlerde hâlâ ilk hastasının gülüşünü arar.
A6: 10 | B6: Doga_Efendisi | C6: Destek | D6: 1 | E6: Elf görünümlü | F6: Elf | G6: Elf | H6: Kesin — kullanıcı onayı/kuralı | I6: Görsel: Elf görünümlü | J6: Zirve Geçidi'ni köklerle mühürledi; ardında kendi halkı da kaldı. Ormanı koruyan her dal, bir gün yüzleşeceği o kararı hatırlatır.
A7: 12 | B7: Hayat_Koruyucusu | C7: Destek | D7: 1 | E7: İnsan görünümlü | F7: İnsan | G7: İnsan | H7: Kesin — kullanıcı onayı/kuralı | I7: Görsel: İnsan görünümlü | J7: Kanlı Kalkan'ın ardında son nefesi sakladı. Ölüm onu geri istediğinde, bir yabancı uğruna kendi ömrünü masaya koydu.
A8: 13 | B8: Sifa_Isigi | C8: Destek | D8: 1 | E8: İnsan görünümlü | F8: İnsan | G8: Elf | H8: Orta | I8: Görsel: İnsan görünümlü | Dağılım revizyonu: İnsan → Elf. | J8: Zehir Bıçağı'nın zehrini şifaya çevirdi. Her hastası onu kurtarır sanır; oysa kullandığı ilacın sırrını bir suikastçı saklar.
A9: 16 | B9: Hayat_Rehberi | C9: Destek | D9: 1 | E9: İnsan görünümlü | F9: İnsan | G9: İnsan | H9: Kesin — kullanıcı onayı/kuralı | I9: Görsel: İnsan görünümlü | J9: Taçsız Muhafız'a gizli kaçış yolunu gösterdi; hükümdar dönmeyince halkın karşısına çıktı. Artık kimseyi ardında bırakmadan yürür.
A10: 17 | B10: Evren_Sifacisi | C10: Destek | D10: 1 | E10: Astral görünümlü | F10: Astral | G10: Astral | H10: Kesin — kullanıcı onayı/kuralı | I10: Kullanıcı doğrulaması: görsel Astral. | Görsel: Astral görünümlü | J10: Evrenin yarığını kapatınca kayıp bir dünyanın sesini duydu. Şifasını durdurursa halkı ölecek, sürdürürse o ses ebediyen susacak.
A11: 18 | B11: Isik_Vekili | C11: Destek | D11: 1 | E11: İnsan görünümlü | F11: Melek | G11: Melek | H11: Kesin — kullanıcı onayı/kuralı | I11: Görsel: İnsan görünümlü | J11: Gölge Lordu'yla çizdiği sınır, bir aileyi ikiye böldü. Işığını şimdi antlaşmayı korumak için değil, onları buluşturmak için taşır.
A12: 20 | B12: Hayat_Fisildayicisi | C12: Destek | D12: 1 | E12: Elf görünümlü | F12: Elf | G12: Elf | H12: Kesin — kullanıcı onayı/kuralı | I12: Görsel: Elf görünümlü | J12: Gece Yılanı'nın zehirlediği ağacı dinledi; kökler katilin adını fısıldadı. Ormanı iyileştirmek için önce onu yaşatması gerek.
A13: 21 | B13: Kadim_Ruh_Samani | C13: Destek | D13: 1 | E13: İnsan görünümlü | F13: İnsan | G13: Astral | H13: Dengeleme — kontrol önerilir | I13: Görsel: İnsan görünümlü | Dağılım revizyonu: İnsan → Astral. | J13: Ruh Yöneticisi'nden atalarının sesini geri aldı. İçlerinden biri hainin adını söyleyince, kutsal soyun yalanını öğrendi.
... A28: 56 | B28: Isigin_Yuces | C28: Destek | D28: 1 | E28: Görsel mevcut; ırk Tanrısal olarak onaylandı | F28: Tanrısal | G28: Tanrısal | H28: Kesin — kullanıcı onayı/kuralı | I28: Görsel mevcut; yalnızca ırk kaydı revize edildi. | Görsel: Görsel mevcut; ırk Tanrısal olarak onaylandı | J28: Büyü Tanrısı'nın ışığı dünyayı yakarken önüne geçti. Gözlerini kaybetti; karanlıkta bıraktığı tanrının ayak seslerini tanır.
A29: 57 | B29: KADIM_SIFACI | C29: Destek | D29: 0 | F29: İnsan | G29: Mutant | H29: Dengeleme — kontrol önerilir | I29: Güvenli görsel eşleşmesi yok; isim ve hikâye kullanıldı. | Dağılım revizyonu: İnsan → Mutant. | J29: Dünyanın ilk yarasını kapattı; altındaki sesi kimseye anlatmadı. Her dirilttiği can, o eski varlığı uykusundan daha uyandırır.
A30: 60 | B30: Butunlestirici | C30: Destek | D30: 0 | F30: İnsan | G30: Mutant | H30: Dengeleme — kontrol önerilir | I30: Güvenli görsel eşleşmesi yok; isim ve hikâye kullanıldı. | Dağılım revizyonu: İnsan → Mutant. | J30: Kıyamet'te dağılan yeminleri bedeninde topladı. Dostlarına inen her darbe ona da işler; ilk ihanet kalbini çatlattı.
A31: 76 | B31: Immortal_Shadow_golge | C31: Ninja | D31: 1 | E31: Gölge/ruh-insansı | F31: Ölümsüz | G31: Ölümsüz | H31: Kesin — kullanıcı onayı/kuralı | I31: Görsel: Gölge/ruh-insansı | J31: Öldürdüğü her düşman ona bir ömür daha verir. Şifa Işığı'yla tanışınca, sonsuz yaşamanın kaç cana mal olduğunu sayar.
A32: 82 | B32: Karabuyu_Suikastci_GOLGE | C32: Ninja | D32: 1 | E32: İnsan görünümlü | F32: Gölge | G32: Elf | H32: Orta | I32: Görsel: İnsan görünümlü | Dağılım revizyonu: Gölge → Elf. | J32: Mistik Şifacı'nın çözemediği laneti silah yaptı. Çaldığı büyü onu güçlendirir; her zaferde dostlarının yüzlerinden birini unutur.
A33: 89 | B33: Gece_Yilani_Surungensoy | C33: Ninja | D33: 1 | E33: Yılan/sürüngen-insansı | F33: Sürüngensoy | G33: Sürüngensoy | H33: Kesin — kullanıcı onayı/kuralı | I33: Görsel: Yılan/sürüngen-insansı | J33: Zehirli Vasiyet'i derisinin altında taşır. Her değiştirdiği kabukta bir ad belirir; sıradaki kurbanın kendisi olmasından korkar.
A34: 99 | B34: Zehirli_Intikamci | C34: Ninja | D34: 1 | E34: Cüce görünümlü | F34: Gölge | G34: Cüce | H34: Güçlü — görsel | I34: Görsel: Cüce görünümlü | Dağılım revizyonu: Gölge → Cüce. | J34: Altın Pençe'nin açtığı yaraya zehir bastı. Acısını geri verebilirdi; intikamından vazgeçerse zehir onu bitirecek.
A35: 101 | B35: Yikici_Sinsi | C35: Ninja | D35: 1 | E35: Cüce görünümlü | F35: Gölge | G35: Cüce | H35: Güçlü — görsel | I35: Görsel: Cüce görünümlü | Dağılım revizyonu: Gölge → Cüce. | J35: Ruh Yöneticisi'ne giden gizli yolu öğrendi. Her sessiz infazda bir ruh eksilir; bitirdiği savaşın o kapıdan döndüğünü görmez.
A36: 104 | B36: Kara_Pence | C36: Ninja | D36: 0 | F36: Gölge | G36: Böceksırt | H36: Kesin — kullanıcı onayı/kuralı | I36: Güvenli görsel eşleşmesi yok; isim ve hikâye kullanıldı. | Dağılım revizyonu: Gölge → Böceksırt. | J36: Ejderha Pençesi'nden çaldığı tekniği karanlıkla bozdu. Her zaferde ustasının izi silinir; onu aşarken kendini de kaybedecek.
A37: 108 | B37: Zehirli_Gozcu | C37: Ninja | D37: 0 | F37: Gölge | G37: Böceksırt | H37: Kesin — kullanıcı onayı/kuralı | I37: Güvenli görsel eşleşmesi yok; isim ve hikâye kullanıldı. | Dağılım revizyonu: Gölge → Böceksırt. | J37: Mistik Yoldaş'ın kaybolduğu kapıya zehirli iz bıraktı. İzler gece dışarı yürüdü; dönen kişiyi dostları görmeden bulması gerek.
A38: 113 | B38: KAOS_GOLGESI | C38: Ninja | D38: 0 | F38: Gölge | G38: Mutant | H38: Dengeleme — kontrol önerilir | I38: Güvenli görsel eşleşmesi yok; isim ve hikâye kullanıldı. | Dağılım revizyonu: Gölge → Mutant. | J38: Ruh Şamanı'nın mühründen sızdı; her gölgede başka bir güce uyanır. Işık Lordu'nun yüzünden neden korktuğunu hatırlamaz.
A39: 115 | B39: Yilanin_Laneti | C39: Ninja | D39: 0 | F39: Sürüngensoy | G39: Sürüngensoy | H39: Kesin — kullanıcı onayı/kuralı | I39: Güvenli görsel eşleşmesi yok; isim ve hikâye kullanıldı. | J39: Kader Örgüsü'nün düğümünü ısırınca lanet soyuna geçti. Her avında bir adı siler; son adın doğacak çocuğuna ait olduğunu bilir.
A40: 117 | B40: Sonsuz_Pence | C40: Ninja | D40: 0 | F40: Gölge | G40: Böceksırt | H40: Kesin — kullanıcı onayı/kuralı | I40: Güvenli görsel eşleşmesi yok; isim ve hikâye kullanıldı. | Dağılım revizyonu: Gölge → Böceksırt. | J40: Ruh Ateşi'nde dövülen pençeleri her darbede büyür. Kaos Gölgesi'ni yendiğinde silahını bırakamadı; sarılacağı her şeyi yaralıyor.
A41: 119 | B41: Kritik_Gozcu | C41: Ninja | D41: 0 | F41: Gölge | G41: Böceksırt | H41: Kesin — kullanıcı onayı/kuralı | I41: Güvenli görsel eşleşmesi yok; isim ve hikâye kullanıldı. | Dağılım revizyonu: Gölge → Böceksırt. | J41: Zaman Büyücüsü ona tek bir kusursuz vuruş gösterdi. Her bakışta açığı seçer; kendi ölümünü gördüğü için aynalara hiç yaklaşmaz.
A42: 129 | B42: Ates_Tasi_Ejderhasi_Ejdersoy | C42: Tank | D42: 1 | E42: Ejderha | F42: Ejdersoy | G42: Sürüngensoy | H42: Kesin — kullanıcı onayı/kuralı | I42: Görsel: Ejderha | Dağılım revizyonu: Ejdersoy → Sürüngensoy. | J42: Kızıl Antlaşma'yı korumak için ateşini taşa hapsetti. Her darbe bir çatlak açar; pulları kırılırsa dostu da düşmanı da yanacak.
A43: 130 | B43: Demir_Asker_Tanrisal_Olumsuz | C43: Tank | D43: 1 | E43: İnsan görünümlü | F43: Ölümsüz | G43: Ölümsüz | H43: Kesin — kullanıcı onayı/kuralı | I43: Görsel: İnsan görünümlü | J43: Zaman Efendisi'nin unuttuğu savaşta kaldı. Ölümsüz bedeni nöbette; her çağ yeni bir düşman getirirken koruduğu şehrin adı değişir.
A44: 131 | B44: Tas_Yurekli_Tanrisal_Olumsuz | C44: Tank | D44: 1 | E44: Mutant/golem-insansı | F44: Ölümsüz | G44: Ölümsüz | H44: Kesin — kullanıcı onayı/kuralı | I44: Görsel: Mutant/golem-insansı | J44: Kaos Tacı'nı taşımak için kalbini taşa çevirdi. Hayat Akışı bir gün tek atış duydu; hissetmeye başlarsa tüm eski acıları dönecek.
A45: 132 | B45: Celik_Muhafiz_Tanrisal_Olumsuz | C45: Tank | D45: 1 | E45: Melek/kanatlı insansı | F45: Ölümsüz | G45: Ölümsüz | H45: Kesin — kullanıcı onayı/kuralı | I45: Görsel: Melek/kanatlı insansı | J45: Kanlı Kalkan'a verdiği sözle darbeleri bedeninde toplar. Her savaşta güçlenir ama zırhında dostlarına sarılacak yer azalır.
A46: 133 | B46: Kalkan_Kralicesi_Tanrisal_Olumsuz | C46: Tank | D46: 1 | E46: Melek/kanatlı insansı | F46: Ölümsüz | G46: Ölümsüz | H46: Kesin — kullanıcı onayı/kuralı | I46: Görsel: Melek/kanatlı insansı | J46: Sonsuz Şifacı'yı kurtarmak için tahtından indi. Tacını kalkanına dövdü; önünde eğilenler hükümdar değil, sığınak arar.
A47: 134 | B47: Kara_Zirhli_Bayan_Tanrisal_Olumsuz | C47: Tank | D47: 1 | E47: İblis/kanatlı insansı | F47: Ölümsüz | G47: Ölümsüz | H47: Kesin — kullanıcı onayı/kuralı | I47: Görsel: İblis/kanatlı insansı | J47: Işık Yoldaşı'yla sürgüne çıktı, kraliyet zırhını bırakmadı. Ona saldıran askerleri tanır; her darbede karşılık vermemeyi seçer.
A48: 135 | B48: Golge_Kalkani_Nam-i_DigerOlumsuz_TanricasiTanrisal_Olumsuz | C48: Tank | D48: 1 | E48: Ejder/kanatlı sürüngen-insansı | F48: Ölümsüz | G48: Ölümsüz | H48: Kesin — kullanıcı onayı/kuralı | I48: Görsel: Ejder/kanatlı sürüngen-insansı | J48: Altın Yıldız sönerken gölgeyi kalkanına çekti. Halkını kurtardı ama yüzü karardı; koruduğu çocuklar onu görünce artık saklanıyor.
A49: 136 | B49: Immortal_Shielded_-_Tanrisal_Olumsuz | C49: Tank | D49: 0 | F49: Ölümsüz | G49: Ölümsüz | H49: Kesin — kullanıcı onayı/kuralı | I49: Güvenli görsel eşleşmesi yok; isim ve hikâye kullanıldı. | J49: Ölümsüz Kılıç'la aynı yemine bağlandı. Her düşüşte ayağa kalkar; cezası ölmemek değil, koruyamadığı yüzleri unutmamaktır.
A50: 137 | B50: Kalkan_Titani_Tanrisal_Olumsuz | C50: Tank | D50: 1 | E50: İnsan görünümlü | F50: Ölümsüz | G50: Ölümsüz | H50: Kesin — kullanıcı onayı/kuralı | I50: Görsel: İnsan görünümlü | J50: Astral Hükümdar'ın tahtı düşerken halkın önüne geçti. Kral kaçtı; titan omuzlarında taşıdığı gücü artık hiçbir tahta borç saymaz.
A51: 138 | B51: Zirhli_Dev_Ejdersoy | C51: Tank | D51: 1 | E51: Ejder/kanatlı sürüngen-insansı | F51: Ejdersoy | G51: Dev | H51: Kesin — kullanıcı onayı/kuralı | I51: Görsel: Ejder/kanatlı sürüngen-insansı | Dağılım revizyonu: Ejdersoy → Dev. | J51: Korku İmparatoru onu surları yıkmak için yetiştirdi. Bir çocuğun önünde diz çöktüğü gün dev bedeni, silah değil siper oldu.
A52: 149 | B52: Savas_Tanrisi_Tanrisal_Olumsuz | C52: Tank | D52: 1 | E52: Melek/kanatlı insansı | F52: Ölümsüz | G52: Ölümsüz | H52: Kesin — kullanıcı onayı/kuralı | I52: Görsel: Melek/kanatlı insansı | J52: Kaos Tacı'nın ilk savaşından beri yenilmedi. Zamanın Yoldaşı boş meydanı gösterdi; kimse kalmayınca zaferin anlamını aradı.
A53: 153 | B53: AgirZirh_insan | C53: Tank | D53: 1 | E53: İnsan görünümlü | F53: İnsan | G53: Astral | H53: Dengeleme — kontrol önerilir | I53: Görsel: İnsan görünümlü | Dağılım revizyonu: İnsan → Astral. | J53: Kutsal Pençe'yi bıraktığı gece kaçabilmişti. O utançla dövdüğü ağır zırh geri adım attırmaz; yalnız ileri yürümeyi bilir.
A54: 156 | B54: Tas_Yurekli_Insan | C54: Tank | D54: 0 | F54: İnsan | G54: Cüce | H54: Dengeleme — kontrol önerilir | I54: Güvenli görsel eşleşmesi yok; isim ve hikâye kullanıldı. | Dağılım revizyonu: İnsan → Cüce. | J54: Çelik Savaşçı'yla kapıda nöbet tuttu; kardeşini içeri almadığı gece şehir kurtuldu. Taş yürekli denir, oysa kapının sesine ağlar.
A55: 157 | B55: Golge_Zirhi_Tanrisal_Olumsuz | C55: Tank | D55: 1 | E55: İnsan görünümlü | F55: Ölümsüz | G55: Ölümsüz | H55: Kesin — kullanıcı onayı/kuralı | I55: Görsel: İnsan görünümlü | J55: Işık Mimar'ın açık bıraktığı kapıda bekler. Gölge zırhı saldırıları emer; son ses, geçirmediği annesine aittir.
A56: 158 | B56: CELIK_GARDIYAN_insan_mutant | C56: Tank | D56: 1 | E56: İnsan görünümlü | F56: Mutant | G56: Elf | H56: Orta | I56: Görsel: İnsan görünümlü | Dağılım revizyonu: Mutant → Elf. | J56: Doğa Şifacısı onu çelikten geri çeviremedi. Halk onu insan saymaz; savaştan sonra soğuk elleriyle yaralıların üstünü örter.
A57: 159 | B57: OBSIDYEN_KALKAN_insan_bocek | C57: Tank | D57: 2 | E57: Böcek/araknid varlık; Tam zırhlı, türü belirsiz | F57: Böceksırt | G57: Böceksırt | H57: Kesin — kullanıcı onayı/kuralı | I57: Görsel: Böcek/araknid varlık; Tam zırhlı, türü belirsiz | J57: Kıyamet ateşinde derisi obsidyene döndü. Işık Rahibi içindeki canı gördü; herkes kaçsa da o inançla siperini bırakmaz.
A58: 161 | B58: Celik_Vucut_insan | C58: Tank | D58: 1 | E58: Mutant/golem-insansı | F58: Mutant | G58: Dev | H58: Kesin — kullanıcı onayı/kuralı | I58: Görsel: Mutant/golem-insansı | Dağılım revizyonu: Mutant → Dev. | J58: Zihinsel İyileştirici acısını susturdu. Çelik bedeni darbeleri duymaz; öldüğünü anlamamaktan korkar, dostlarının sesini dinler.
A59: 169 | B59: Karanlik_Savunucu_Cuce_gelisim | C59: Tank | D59: 2 | E59: İnsan görünümlü; Kapüşonlu/belirsiz insansı | F59: Cüce | G59: İnsan | H59: Güçlü — isim/hikâye | I59: Görsel: İnsan görünümlü; Kapüşonlu/belirsiz insansı | Dağılım revizyonu: Cüce → İnsan. | J59: Yaşamın Işığı'nı cüce tünellerinde sakladı. Her darbe karanlık bariyerini büyütür; ışığın onu da düşman saymasından korkar.
A60: 170 | B60: Isik_Savunucu_insan | C60: Tank | D60: 1 | E60: İnsan görünümlü | F60: İnsan | G60: Elf | H60: Orta | I60: Görsel: İnsan görünümlü | Dağılım revizyonu: İnsan → Elf. | J60: Mistik Yoldaş'la kayıp tapınağa ulaştı. Işık kalkanı herkesi koruyordu; tapınağın celladını da kurtardığında inancını sorguladı.
A61: 171 | B61: Olumsuz_Kaya_Mutant_Gelisim | C61: Tank | D61: 2 | E61: Mutant/golem-insansı | F61: Ölümsüz | G61: Ölümsüz | H61: Kesin — kullanıcı onayı/kuralı | I61: Görsel: Mutant/golem-insansı | J61: Evrenin İyileştiricisi kayadaki canı uyandırdı. Her kurtarışta bir yüz hatırlar; taşa çevrilmeden önce kim olduğunu öğrenir.
A62: 172 | B62: Firtina_Savunmasi_ejdersoy_insan | C62: Tank | D62: 1 | E62: Melek/kanatlı insansı | F62: Ejdersoy | G62: Melek | H62: Güçlü — görsel | I62: Görsel: Melek/kanatlı insansı | Dağılım revizyonu: Ejdersoy → Melek. | J62: Kristal Koruyucu'yu örttüğü fırtınada kanatlarını yitirdi. Uçamaz; rüzgârını, göğe bakmaya bile korkanların önüne siper eder.
A63: 173 | B63: Ucan_Zirh_Ejdersoy | C63: Tank | D63: 1 | E63: Elf görünümlü | F63: Ejdersoy | G63: Elf | H63: Güçlü — görsel | I63: Görsel: Elf görünümlü | Dağılım revizyonu: Ejdersoy → Elf. | J63: Rün Ustası pullarına göğün işaretini kazıdı. Okların üstünde uçabilir; dostu düşünce yüksekte kalmak en ağır seçimidir.
A64: 174 | B64: TITANYUM_SOVALYE | C64: Tank | D64: 1 | E64: Tam zırhlı dev/titan görünümlü | F64: İnsan | G64: Dev | H64: Kesin — kullanıcı onayı/kuralı | I64: Titan adı, zırh hacmi ve gövde ölçeği Dev ırkını destekliyor. | Görsel: Tam zırhlı dev/titan görünümlü | Dağılım revizyonu: İnsan → Dev. | J64: Kıyamet Savaşçısı'na karşı titanyum bir kalp kuşandı. Yaraları durmadan kapanır; ilk kaybını anınca bir çatlak kalır.
A65: 175 | B65: MAGMA_KORUYUCU | C65: Tank | D65: 1 | E65: Ejderha | F65: Ejdersoy | G65: Sürüngensoy | H65: Kesin — kullanıcı onayı/kuralı | I65: Görsel: Ejderha | Dağılım revizyonu: Ejdersoy → Sürüngensoy. | J65: Ruh Şamanı onu yanardağın içine mühürledi. Öfkesini lav zırhına döker; volkandan çıksa koruduğu topraklar da yanacak.
A66: 183 | B66: OLUMSUZ_KALKANLI_ASKER | C66: Tank | D66: 0 | F66: Ölümsüz | G66: Ölümsüz | H66: Kesin — kullanıcı onayı/kuralı | I66: Güvenli görsel eşleşmesi yok; isim ve hikâye kullanıldı. | J66: Ölüm Tanrısı'yla ordusu için pazarlık etti. Her darbeyi üstlenir, her defa dirilir; ölümden değil, nöbeti devretmekten korkar.
A67: 185 | B67: Yikim_Tanrisi | C67: Tank | D67: 1 | E67: Mutant/golem-insansı | F67: Mutant | G67: Dev | H67: Kesin — kullanıcı onayı/kuralı | I67: Görsel: Mutant/golem-insansı | Dağılım revizyonu: Mutant → Dev. | J67: Bütünleştirici ona yıkımdan siper örmeyi öğretti. Her kalkanında yıktığı şehrin taşı var; koruduğu canlarla borcunu öder.
A68: 186 | B68: Zirh_Tanrisi | C68: Tank | D68: 1 | E68: Ejderha | F68: Ejdersoy | G68: Sürüngensoy | H68: Kesin — kullanıcı onayı/kuralı | I68: Görsel: Ejderha | Dağılım revizyonu: Ejdersoy → Sürüngensoy. | J68: İyileştirme Tanrısı'yla ilk zırhı dövdü. Hiçbir tanrı onu kıramadı; korumadığı bir çocuğun adı, göğsündeki tek çatlaktır.
A69: 196 | B69: ELEMENTALIST | C69: Büyücü | D69: 0 | F69: İnsan | G69: Mutant | H69: Dengeleme — kontrol önerilir | I69: Güvenli görsel eşleşmesi yok; isim ve hikâye kullanıldı. | Dağılım revizyonu: İnsan → Mutant. | J69: Arkan Defteri'nde tek element seçmeyi reddetti. Ateşle buzu barıştırdı; ustasının yasakladığı güç, dostlarına yol açtı.
A70: 211 | B70: Goklerin_Efendisi | C70: Büyücü | D70: 1 | E70: İnsan görünümlü | F70: İnsan | G70: Astral | H70: Dengeleme — kontrol önerilir | I70: Görsel: İnsan görünümlü | Dağılım revizyonu: İnsan → Astral. | J70: Zamanın Yoldaşı'yla yıldız yollarını aştı. Göğün gücünü alıp döndü; sevdikleri yaşlanmıştı, kendisi hâlâ aynı yaştaydı.
A71: 217 | B71: Galaktik_Bilgisi | C71: Büyücü | D71: 1 | E71: Astral görünümlü | F71: Astral | G71: Astral | H71: Kesin — kullanıcı onayı/kuralı | I71: Kullanıcı doğrulaması: insan görünümü yok, Astral. | Görsel: Astral görünümlü | J71: Yıldız Geçidi'nin haritasını ezberledi. Yitik dünyaları görebilir; birini kurtarmak için bugünün yıldızlarını söndürmesi gerek.
A72: 220 | B72: KARA_BUYUCUSU | C72: Büyücü | D72: 1 | E72: İnsan görünümlü | F72: Gölge | G72: Gölge | H72: Kesin — kullanıcı onayı/kuralı | I72: Görsel: İnsan görünümlü | J72: Doğa Şifacısı'nın yasakladığı ormana girdi. Gece bir köyü kurtardı; gündüz aynı köy, adını çocuklarını korkutmak için kullanır.
A73: 224 | B73: Donusum_Ustasi | C73: Büyücü | D73: 1 | E73: Böcek/araknid varlık | F73: Mutant | G73: Böceksırt | H73: Kesin — kullanıcı onayı/kuralı | I73: Görsel: Böcek/araknid varlık | Dağılım revizyonu: Mutant → Böceksırt. | J73: Savunma Prensesi'ni kurtarmak için biçim değiştirdi. Her dönüşüm yeni yüz verir; annesinin tanıyacağı yüzü bulamıyor.
A74: 226 | B74: Ruh_Yoneticisi | C74: Büyücü | D74: 1 | E74: Böcek/araknid varlık | F74: Mutant | G74: Böceksırt | H74: Kesin — kullanıcı onayı/kuralı | I74: Görsel: Böcek/araknid varlık | Dağılım revizyonu: Mutant → Böceksırt. | J74: Ruh Hekimi'yle ölülerin adlarını topladı. Çağırdığı ruhlar borçlarını sorar; gücünün karşılığında onlara söz vermediğini söyler.
A75: 228 | B75: Vahsi_Elementalist | C75: Büyücü | D75: 1 | E75: Hayvan/kanatlı hayvan-insansı | F75: Mutant | G75: Sürüngensoy | H75: Kesin — kullanıcı onayı/kuralı | I75: Görsel: Hayvan/kanatlı hayvan-insansı | Dağılım revizyonu: Mutant → Sürüngensoy. | J75: Fırtına Efendisi'yle sınırları aştı. Her saldırı yeni zırh örer; sakinleşirse bedenini bir arada tutan güç dağılacak.
A76: 229 | B76: Kiyamet_Bilgini | C76: Büyücü | D76: 1 | E76: Melek/kanatlı insansı | F76: Astral | G76: Tanrısal | H76: Güçlü — isim/hikâye | I76: Görsel: Melek/kanatlı insansı | Dağılım revizyonu: Astral → Tanrısal. | J76: Mistik Hayat'ın gördüğü son günü kitaplaştırdı. İnsanlar okumaya başladı; her sayfayla felaketin tarihi biraz öne çekilir.
A77: 238 | B77: Zehirli_Ruya | C77: Büyücü | D77: 1 | E77: Yılan/sürüngen-insansı | F77: Sürüngensoy | G77: Sürüngensoy | H77: Kesin — kullanıcı onayı/kuralı | I77: Görsel: Yılan/sürüngen-insansı | J77: Yılanın Laneti'ni uykusunda içti. Düşleri damarları zehirler; bir köyü yaşatmak için yıllardır uyumaz, gözlerini şafaktan ayırmaz.
A78: 239 | B78: Firtina_Cildirani | C78: Büyücü | D78: 1 | E78: Böcek/araknid varlık | F78: Mutant | G78: Böceksırt | H78: Kesin — kullanıcı onayı/kuralı | I78: Görsel: Böcek/araknid varlık | Dağılım revizyonu: Mutant → Böceksırt. | J78: Yıldırım Muhafızı'nın aşamadığı fırtınaya girdi. O günden beri gök dinmez; öfkesini bırakırsa kayıp dostunun sesi de susacak.
A79: 243 | B79: Efsanevi_Bilge | C79: Büyücü | D79: 1 | E79: Ejder/kanatlı sürüngen-insansı | F79: Sürüngensoy | G79: Sürüngensoy | H79: Kesin — kullanıcı onayı/kuralı | I79: Görsel: Ejder/kanatlı sürüngen-insansı | J79: Savaş Lordu'na gücün sonunu öğretti. Herkes onu hatasız sanır; bilgeliği, dinlemediği insanların mezarlarından toplanmıştır.
A80: 246 | B80: GOKYUZU_HAKIMI | C80: Büyücü | D80: 2 | E80: Astral görünümlü | F80: Astral | G80: Astral | H80: Kesin — kullanıcı onayı/kuralı | I80: Kullanıcı doğrulaması: görsel Astral. | Görsel: Astral görünümlü | J80: Ejder Pullu Şövalye'yle göğün sınırını çizdi. Meteorlar ona uyar; halkı sınırı aşınca hükmünü geri alması gerekecek.
A81: 249 | B81: EVREN_BUYUCUSU | C81: Büyücü | D81: 0 | F81: İnsan | G81: Astral | H81: Dengeleme — kontrol önerilir | I81: Güvenli görsel eşleşmesi yok; isim ve hikâye kullanıldı. | Dağılım revizyonu: İnsan → Astral. | J81: Yaşam Tanrısı'yla evren kapısını açtı. Daha kusursuz bir dünya gördü; onu almak için kendi dünyasını karanlığa atması gerekecek.
A82: 259 | B82: Firtina_Celik | C82: Savaşçı | D82: 1 | E82: İnsan görünümlü | F82: İnsan | G82: Elf | H82: Orta | I82: Görsel: İnsan görünümlü | Dağılım revizyonu: İnsan → Elf. | J82: Doğa Efendisi'nin ormanını fırtınadan korudu. Çeliğindeki rüzgâr savaşta özgür kalır; son dalı kırmamak için öfkesini ölçer.
A83: 260 | B83: Altin_Yildiz | C83: Savaşçı | D83: 1 | E83: Elf görünümlü | F83: Elf | G83: Elf | H83: Kesin — kullanıcı onayı/kuralı | I83: Görsel: Elf görünümlü | J83: Kalkan Titanı düşünce yıldızını yere indirdi. Halk onu gökten gelen kurtarıcı sandı; oysa korkan bir dostunun elini bırakmamıştı.
A84: 261 | B84: Olumsuz_Kilic | C84: Savaşçı | D84: 1 | E84: İnsan görünümlü | F84: Ölümsüz | G84: Ölümsüz | H84: Kesin — kullanıcı onayı/kuralı | I84: Görsel: İnsan görünümlü | J84: Hayat Koruyucusu'na bitmeyen nöbet sözü verdi. Her öldürdüğü can ömrünü uzatır; bir düşmanı bağışladığı gün yaşlandığını anladı.
A85: 264 | B85: Kara_Pence | C85: Savaşçı | D85: 0 | F85: İnsan | G85: Böceksırt | H85: Kesin — kullanıcı onayı/kuralı | I85: Güvenli görsel eşleşmesi yok; isim ve hikâye kullanıldı. | Dağılım revizyonu: İnsan → Böceksırt. | J85: Mistik Kral'ın kapısında adını taşıyan suikastçıyı gördü. Halk suçlarını ona yazar; gerçeği yaşatmak için pençelerini saklar.
A86: 267 | B86: Ejderha_Savascisi | C86: Savaşçı | D86: 1 | E86: Ejder/kanatlı sürüngen-insansı | F86: Ejdersoy | G86: Sürüngensoy | H86: Kesin — kullanıcı onayı/kuralı | I86: Görsel: Ejder/kanatlı sürüngen-insansı | Dağılım revizyonu: Ejdersoy → Sürüngensoy. | J86: Zırh Kralı'nın ocağında ejder kanını tanıdı. İnsanların silahı, ejderlerin haini sayılır; iki halkı yakmadan savaşmayı öğrenir.
A87: 280 | B87: Firtina_Lordu | C87: Savaşçı | D87: 1 | E87: İnsan görünümlü | F87: İnsan | G87: Astral | H87: Dengeleme — kontrol önerilir | I87: Görsel: İnsan görünümlü | Dağılım revizyonu: İnsan → Astral. | J87: Dengenin Koruyucusu'na fırtınayı tutma sözü verdi. Halk öfkesinden korkar; o, duygusuzlaşıp rüzgârını kaybetmekten korkar.
A88: 282 | B88: ALEV_KILICI | C88: Savaşçı | D88: 0 | F88: İnsan | G88: Canavar | H88: Orta | I88: Güvenli görsel eşleşmesi yok; isim ve hikâye kullanıldı. | Dağılım revizyonu: İnsan → Canavar. | J88: Ateş Lordu'ndan çaldığı kıvılcım bir köyü yaktı. Umut Alevi ateşle can kurtarınca, kılıcından önce niyetini değiştirdi.
A89: 283 | B89: FIRTINA_DOVUSCUSU | C89: Savaşçı | D89: 0 | F89: İnsan | G89: Canavar | H89: Orta | I89: Güvenli görsel eşleşmesi yok; isim ve hikâye kullanıldı. | Dağılım revizyonu: İnsan → Canavar. | J89: Kristal Koruyucu'yla fırtınada eğitim gördü. Üç rakibi bir nefeste aşar; son rakip çekilince dövüşmeden kazanmayı öğrendi.
A90: 284 | B90: DOVUS_USTASI | C90: Savaşçı | D90: 0 | F90: İnsan | G90: Canavar | H90: Orta | I90: Güvenli görsel eşleşmesi yok; isim ve hikâye kullanıldı. | Dağılım revizyonu: İnsan → Canavar. | J90: Çelik Vücut'u silahsız yenerek ün kazandı. Öğrencisi tekniğini bozunca gururu kırılmadı; ustasının son dileği böyle gerçekleşti.
A91: 285 | B91: Simsek_Dovuscusu | C91: Savaşçı | D91: 0 | F91: İnsan | G91: Mutant | H91: Dengeleme — kontrol önerilir | I91: Güvenli görsel eşleşmesi yok; isim ve hikâye kullanıldı. | Dağılım revizyonu: İnsan → Mutant. | J91: Zihinsel İyileştirici uğultusunu susturdu. Şimşek yumruklarında konuşur; sessizlikte savaş dışında kim olduğunu aradı.
A92: 286 | B92: Buyuk_Celik_Lordu | C92: Savaşçı | D92: 0 | F92: İnsan | G92: Dev | H92: Kesin — kullanıcı onayı/kuralı | I92: Güvenli görsel eşleşmesi yok; isim ve hikâye kullanıldı. | Dağılım revizyonu: İnsan → Dev. | J92: Büyük Kalkan'la Arkan ocağını savundu. Halkını korumak için tahtını eritti; zırhındaki her parça eve dönüş yemini taşır.
A93: 287 | B93: Altin_Pence | C93: Savaşçı | D93: 0 | F93: İnsan | G93: Böceksırt | H93: Kesin — kullanıcı onayı/kuralı | I93: Güvenli görsel eşleşmesi yok; isim ve hikâye kullanıldı. | Dağılım revizyonu: İnsan → Böceksırt. | J93: Savunma Prensesi'nin mührünü pençelerine işledi. Altın ışığı göz alır; işaretin soyluluk değil, özgürlük borcu olduğunu bilir.
A94: 289 | B94: Zirve_Kilici | C94: Savaşçı | D94: 0 | F94: İnsan | G94: Mutant | H94: Dengeleme — kontrol önerilir | I94: Güvenli görsel eşleşmesi yok; isim ve hikâye kullanıldı. | Dağılım revizyonu: İnsan → Mutant. | J94: Sonsuz Umut'un sancağını zirveye dikti. Kılıcı orada güçlendi; halkının yaşadığı vadinin görünmediğini fark edince aşağıya yürüdü.
A95: 290 | B95: Kiyamet_Askeri | C95: Savaşçı | D95: 0 | F95: İnsan | G95: Mutant | H95: Orta | I95: Güvenli görsel eşleşmesi yok; isim ve hikâye kullanıldı. | Dağılım revizyonu: İnsan → Mutant. | J95: Işığın Mürekkebi'yle yazılan ölüm emrini reddetti. İçindeki kıyamet o imzayı arar; onu silmek için yaratıcısını korumalı.
A96: 292 | B96: Ejderha_Pencesi | C96: Savaşçı | D96: 0 | F96: Ejdersoy | G96: Sürüngensoy | H96: Kesin — kullanıcı onayı/kuralı | I96: Güvenli görsel eşleşmesi yok; isim ve hikâye kullanıldı. | Dağılım revizyonu: Ejdersoy → Sürüngensoy. | J96: Kadim Ruh Koruyucusu atalarının ateşini uyandırdı. Pençeleri düşmanı yakar; övünen sesler, bağışladığı ilk canla sustu.
A97: 293 | B97: Firtina_Efendisi | C97: Savaşçı | D97: 0 | F97: İnsan | G97: Canavar | H97: Orta | I97: Güvenli görsel eşleşmesi yok; isim ve hikâye kullanıldı. | Dağılım revizyonu: İnsan → Canavar. | J97: Yaşamın Işığı'nı söndüren orduyu izledi. Düşman dağıldı ama fırtınası dinmedi; intikamın ışığı geri vermeyeceğini öğreniyor.
A98: 295 | B98: Alev_Yurekli | C98: Savaşçı | D98: 0 | F98: İnsan | G98: Dev | H98: Dengeleme — kontrol önerilir | I98: Güvenli görsel eşleşmesi yok; isim ve hikâye kullanıldı. | Dağılım revizyonu: İnsan → Dev. | J98: Işık Ustası kalbindeki ateşi uyandırdı. Düşmana yansıyan ilk alev bir dosta değince, gücün ateşi tutmak olduğunu gördü.
A99: 296 | B99: Kanli_Sovalye | C99: Savaşçı | D99: 0 | F99: İnsan | G99: Mutant | H99: Dengeleme — kontrol önerilir | I99: Güvenli görsel eşleşmesi yok; isim ve hikâye kullanıldı. | Dağılım revizyonu: İnsan → Mutant. | J99: Işığın Yükselişi onu kanlı yemininden döndüremedi. Her zafer yaralarını kapatır; kalan tek iz, bağışladığı düşmandandır.
... A108: 308 | B108: EFSANE_GLADYATOR | C108: Savaşçı | D108: 0 | F108: İnsan | G108: Dev | H108: Kesin — kullanıcı onayı/kuralı | I108: Güvenli görsel eşleşmesi yok; isim ve hikâye kullanıldı. | Dağılım revizyonu: İnsan → Dev. | J108: Yaşam Efendisi'nin önünde son zincirini kırdı. Tanrılar arenaya çağırır; kazanmak için değil, kimse savaşmasın diye gider.

Sheet Yeni_Irk_Dagilimi
A1: Yeni Ana Irk | B1: Önerilen Sayı | C1: Görseli Olan | D1: Görseli Olmayan | E1: Kesin/Güçlü | F1: Orta | G1: Onay Gerekli
A2: İnsan | B2: 90 | C2: 90 | D2: 0 | E2: 90 | F2: 0 | G2: 0
A3: Elf | B3: 21 | C3: 21 | D3: 0 | E3: 14 | F3: 7 | G3: 0
A4: Cüce | B4: 16 | C4: 14 | D4: 2 | E4: 15 | F4: 0 | G4: 1
A5: Ejdersoy | B5: 10 | C5: 10 | D5: 0 | E5: 10 | F5: 0 | G5: 0
A6: Gölge | B6: 52 | C6: 39 | D6: 13 | E6: 52 | F6: 0 | G6: 0
A7: Astral | B7: 30 | C7: 22 | D7: 8 | E7: 18 | F7: 3 | G7: 9
A8: Mutant | B8: 12 | C8: 2 | D8: 10 | E8: 2 | F8: 2 | G8: 8
A9: Tanrısal | B9: 10 | C9: 5 | D9: 5 | E9: 9 | F9: 1 | G9: 0
A10: Sürüngensoy | B10: 10 | C10: 8 | D10: 2 | E10: 10 | F10: 0 | G10: 0
A11: Böceksırt | B11: 10 | C11: 4 | D11: 6 | E11: 10 | F11: 0 | G11: 0
A12: Canavar | B12: 10 | C12: 5 | D12: 5 | E12: 6 | F12: 4 | G12: 0
A13: Ölümsüz | B13: 19 | C13: 14 | D13: 5 | E13: 19 | F13: 0 | G13: 0
... A15: Dev | B15: 11 | C15: 4 | D15: 7 | E15: 8 | F15: 0 | G15: 3

Sheet Tum_Irk_Kararlari_311
A1: ID | B1: Karakter | C1: Sınıf | D1: Nadirlik | E1: Word Adı | F1: Görsel Sayısı | G1: Görselde Görünen | H1: Eski Irk Etiketi | I1: Eski Etiket Türü | J1: Önerilen Yeni Irk | K1: Soy/Köken/Unvan Alanına Taşınacak | L1: Güven | M1: Kanıt | N1: Hikâye | O1: Son Karar | P1: Onay Notu
A2: 1 | B2: CIRAK_SIFACI | C2: Destek | D2: Yaygın | E2: CIRAK_SIFACI | F2: 1 | G2: İnsan görünümlü | H2: İnsan | I2: Ana ırk/karma ırk | J2: İnsan | L2: Güçlü — isim/hikâye | M2: Görsel: İnsan görünümlü | N2: Çelik Kılıç'ı kurtarırken ustasını kaybetti. Artık zafer çığlıklarını değil, yardım isteyemeyen yaralıların sessizliğini dinler.
A3: 2 | B3: RUH_BEKCISI | C3: Destek | D3: Yaygın | E3: RUH_BEKCISI | F3: 1 | G3: İnsan görünümlü | H3: Ruhdoğan | I3: Element veya güç kökeni | J3: İnsan | K3: Ruhdoğan | L3: Güçlü — isim/hikâye | M3: Görsel: İnsan görünümlü | N3: Ölümsüz Kılıç'ın ruhunu kendi canına bağladı. Kurtardığı bedenler yaşarken, ölülerin yarım kalan yeminleri uykusunu çalar.
A4: 3 | B4: UMUT_TASIYICI | C4: Destek | D4: Yaygın | E4: UMUT_TASIYICI | F4: 1 | G4: İnsan görünümlü | H4: Işıkdoğan | I4: Element veya güç kökeni | J4: İnsan | K4: Işıkdoğan | L4: Güçlü — isim/hikâye | M4: Görsel: İnsan görünümlü | N4: Taht düşerken Kutsal Asker'e yalan söyledi: Yardım geliyor. Şimdi taşıdığı ışık, o sözü gerçeğe dönüştürmek için ettiği yemindir.
A5: 4 | B5: Sifa_Yildizi | C5: Destek | D5: Yaygın | E5: Sifa_Yildizi | F5: 1 | G5: İnsan görünümlü | H5: Yıldızdoğan | I5: Element veya güç kökeni | J5: Elf | K5: Yıldızdoğan | L5: Orta | M5: Görsel: İnsan görünümlü | Dağılım revizyonu: İnsan → Elf. | N5: Kaybolan kardeşini yıldız haritasında arar. Her şifada bir yıldız söner; kurtardığı canlar eve dönüş yolunu yavaşça siler.
A6: 5 | B6: Umut_Alevi | C6: Destek | D6: Yaygın | E6: Umut_Alevi | F6: 1 | G6: İnsan görünümlü | H6: Alev Rahibi | I6: Meslek, unvan veya uzmanlık | J6: İnsan | K6: Alev Rahibi | L6: Güçlü — isim/hikâye | M6: Görsel: İnsan görünümlü | N6: Alev Kılıcı'nın yaktığı köyden son közü kurtardı. İntikam için sakladığı ateş, ilk yaralıyı iyileştirince ona başka bir yol açtı.
A7: 6 | B7: Hayat_Akisi | C7: Destek | D7: Yaygın | E7: Hayat_Akisi | F7: 1 | G7: Elf görünümlü | H7: Suelfi | I7: Ana ırk/karma ırk | J7: Elf | L7: Kesin — kullanıcı onayı/kuralı | M7: Görsel: Elf görünümlü | N7: Nehrini kurtarmak için Ölüm Tanrısı'yla anlaştı. Suları herkese yaşam verir; yalnız içinden yükselen annesinin sesi hiç susmaz.
A8: 7 | B8: Kutsal_Isik | C8: Destek | D8: Yaygın | E8: Kutsal_Isik | F8: 1 | G8: İnsan görünümlü | H8: Meleksoylu | I8: Ana ırk/karma ırk | J8: Melek | L8: Kesin — kullanıcı onayı/kuralı | M8: Görsel: İnsan görünümlü | N8: Kutsal Taht'ın suçlu saydığı çocuğu iyileştirdiği için sürüldü. Kanatları söküldü ama ışığını kimin hak ettiğini kendisi seçer.
A9: 8 | B9: Sonsuz_Sifaci | C9: Destek | D9: Yaygın | E9: Sonsuz_Sifaci | F9: 1 | G9: İnsan görünümlü | H9: Ölümsüz Şifacı | I9: Meslek, unvan veya uzmanlık | J9: Ölümsüz | K9: Ölümsüz Şifacı | L9: Kesin — kullanıcı onayı/kuralı | M9: Görsel: İnsan görünümlü | N9: Ölümsüzlüğünü bir köye adadı; köy yüzyıllar önce yok oldu. Şifa verdiği yüzlerde hâlâ ilk hastasının gülüşünü arar.
A10: 9 | B10: Isik_Yoldasi | C10: Destek | D10: Yaygın | E10: Isik_Yoldasi | F10: 1 | G10: İnsan görünümlü | H10: İnsan | I10: Ana ırk/karma ırk | J10: İnsan | L10: Güçlü — isim/hikâye | M10: Görsel: İnsan görünümlü | N10: Kara Şövalye'yi öldürmeye gitti, karanlıkta onunla sağ kaldı. Şimdi ışığı bir düşmanı değil, ikisinin de eve dönüş yolunu korur.
A11: 10 | B11: Doga_Efendisi | C11: Destek | D11: Yaygın | E11: Doga_Efendisi | F11: 1 | G11: Elf görünümlü | H11: Ormanelfi | I11: Ana ırk/karma ırk | J11: Elf | L11: Kesin — kullanıcı onayı/kuralı | M11: Görsel: Elf görünümlü | N11: Zirve Geçidi'ni köklerle mühürledi; ardında kendi halkı da kaldı. Ormanı koruyan her dal, bir gün yüzleşeceği o kararı hatırlatır.
A12: 11 | B12: Zihinsel_Sifaci | C12: Destek | D12: Yaygın | E12: Zihinsel_Sifaci | F12: 1 | G12: İnsan görünümlü | H12: Zihin Dokuyucusu | I12: Meslek, unvan veya uzmanlık | J12: İnsan | K12: Zihin Dokuyucusu | L12: Güçlü — isim/hikâye | M12: Görsel: İnsan görünümlü | N12: Yüce Akıl'ın zihnini onardı, korkunç sırrını öğrendi. Hastasını koruma yeminiyle dünyayı uyarma isteği arasında anılarını siler.
A13: 12 | B13: Hayat_Koruyucusu | C13: Destek | D13: Yaygın | E13: Hayat_Koruyucusu | F13: 1 | G13: İnsan görünümlü | H13: İnsan | I13: Ana ırk/karma ırk | J13: İnsan | L13: Kesin — kullanıcı onayı/kuralı | M13: Görsel: İnsan görünümlü | N13: Kanlı Kalkan'ın ardında son nefesi sakladı. Ölüm onu geri istediğinde, bir yabancı uğruna kendi ömrünü masaya koydu.
A14: 13 | B14: Sifa_Isigi | C14: Destek | D14: Yaygın | E14: Sifa_Isigi | F14: 1 | G14: İnsan görünümlü | H14: Işıkdoğan | I14: Element veya güç kökeni | J14: Elf | K14: Işıkdoğan | L14: Orta | M14: Görsel: İnsan görünümlü | Dağılım revizyonu: İnsan → Elf. | N14: Zehir Bıçağı'nın zehrini şifaya çevirdi. Her hastası onu kurtarır sanır; oysa kullandığı ilacın sırrını bir suikastçı saklar.
A15: 14 | B15: Ruh_Diriltici | C15: Destek | D15: Yaygın | E15: Ruh_Diriltici | F15: 1 | G15: İnsan görünümlü | H15: Ruhdoğan | I15: Element veya güç kökeni | J15: İnsan | K15: Ruhdoğan | L15: Güçlü — isim/hikâye | M15: Görsel: İnsan görünümlü | N15: Ölümsüz Kılıç'ı bir yeminle diriltti, sesi geri dönmedi. Söylenemeyen son sözleri duymak için her gece ölülerin kapısını çalar.
A16: 15 | B16: Efsanevi_Sifaci | C16: Destek | D16: Yaygın | E16: Efsanevi_Sifaci | F16: 1 | G16: İnsan görünümlü | H16: İnsan | I16: Ana ırk/karma ırk | J16: İnsan | L16: Güçlü — isim/hikâye | M16: Görsel: İnsan görünümlü | N16: Demir Cephe'nin kahramanı ilan edildi. Kurtardığı komutan savaşı uzatınca, şifanın da bazen bir silaha dönüşebildiğini öğrendi.
A17: 16 | B17: Hayat_Rehberi | C17: Destek | D17: Yaygın | E17: Hayat_Rehberi | F17: 1 | G17: İnsan görünümlü | H17: İnsan | I17: Ana ırk/karma ırk | J17: İnsan | L17: Kesin — kullanıcı onayı/kuralı | M17: Görsel: İnsan görünümlü | N17: Taçsız Muhafız'a gizli kaçış yolunu gösterdi; hükümdar dönmeyince halkın karşısına çıktı. Artık kimseyi ardında bırakmadan yürür.
A18: 17 | B18: Evren_Sifacisi | C18: Destek | D18: Yaygın | E18: Evren_Sifacisi | F18: 1 | G18: Astral görünümlü | H18: Astraldoğan | I18: Element veya güç kökeni | J18: Astral | K18: Astraldoğan | L18: Kesin — kullanıcı onayı/kuralı | M18: Kullanıcı doğrulaması: görsel Astral. | Görsel: Astral görünümlü | N18: Evrenin yarığını kapatınca kayıp bir dünyanın sesini duydu. Şifasını durdurursa halkı ölecek, sürdürürse o ses ebediyen susacak.
A19: 18 | B19: Isik_Vekili | C19: Destek | D19: Yaygın | E19: Isik_Vekili | F19: 1 | G19: İnsan görünümlü | H19: Meleksoylu | I19: Ana ırk/karma ırk | J19: Melek | L19: Kesin — kullanıcı onayı/kuralı | M19: Görsel: İnsan görünümlü | N19: Gölge Lordu'yla çizdiği sınır, bir aileyi ikiye böldü. Işığını şimdi antlaşmayı korumak için değil, onları buluşturmak için taşır.
A20: 19 | B20: Mistik_Sifaci | C20: Destek | D20: Yaygın | E20: Mistik_Sifaci | F20: 1 | G20: İnsan görünümlü | H20: Arkan Rahip | I20: Meslek, unvan veya uzmanlık | J20: İnsan | K20: Arkan Rahip | L20: Güçlü — isim/hikâye | M20: Görsel: İnsan görünümlü | N20: Büyük Arcana'nın kartında iyileştireceği yarayı gördü. Her kurtarışta kehanet değişir; son kartta artık yalnız kendi adı vardır.
A21: 20 | B21: Hayat_Fisildayicisi | C21: Destek | D21: Yaygın | E21: Hayat_Fisildayicisi | F21: 1 | G21: Elf görünümlü | H21: Ormanelfi | I21: Ana ırk/karma ırk | J21: Elf | L21: Kesin — kullanıcı onayı/kuralı | M21: Görsel: Elf görünümlü | N21: Gece Yılanı'nın zehirlediği ağacı dinledi; kökler katilin adını fısıldadı. Ormanı iyileştirmek için önce onu yaşatması gerek.
A22: 21 | B22: Kadim_Ruh_Samani | C22: Destek | D22: Yaygın | E22: Kadim_Ruh_Samani | F22: 1 | G22: İnsan görünümlü | H22: Kadim Şaman | I22: Meslek, unvan veya uzmanlık | J22: Astral | K22: Kadim Şaman | L22: Dengeleme — kontrol önerilir | M22: Görsel: İnsan görünümlü | Dağılım revizyonu: İnsan → Astral. | N22: Ruh Yöneticisi'nden atalarının sesini geri aldı. İçlerinden biri hainin adını söyleyince, kutsal soyun yalanını öğrendi.
A23: 22 | B23: Isigin_Efendisi | C23: Destek | D23: Yaygın | E23: Isigin_Efendisi | F23: 1 | G23: İnsan görünümlü | H23: Işıkdoğan | I23: Element veya güç kökeni | J23: Elf | K23: Işıkdoğan | L23: Orta | M23: Görsel: İnsan görünümlü | Dağılım revizyonu: İnsan → Elf. | N23: Gökyüzü Hâkimi'nin ışığını ödünç aldı. Her şifa kanadından bir tüy yakar; yere düşmeden kurtarmak istediği son kişi düşmanıdır.
A24: 23 | B24: Hayat_Armonisti | C24: Destek | D24: Yaygın | E24: Hayat_Armonisti | F24: 1 | G24: Elf görünümlü | H24: Yaşam Ozanı | I24: Meslek, unvan veya uzmanlık | J24: Elf | K24: Yaşam Ozanı | L24: Güçlü — görsel | M24: Görsel: Elf görünümlü | N24: Şimşek Askeri'nin bozulan kalp ritmine bir ezgi yazdı. Savaş bitince şarkıyı susturamadı; o kalp artık yalnız sesiyle atar.
A25: 24 | B25: Zamanin_Yoldasi | C25: Destek | D25: Yaygın | E25: Zamanin_Yoldasi | F25: 1 | G25: İnsan görünümlü | H25: Zaman Yürüyeni | I25: Meslek, unvan veya uzmanlık | J25: Astral | K25: Zaman Yürüyeni | L25: Dengeleme — kontrol önerilir | M25: Görsel: İnsan görünümlü | Dağılım revizyonu: İnsan → Astral. | N25: Zaman Efendisi'nin kırık saatini saklar. Dostlarına kazandırdığı her saniye, evde bekleyenlerin ömründen sessizce eksilir.
A26: 25 | B26: Kutsal_Sifaci | C26: Destek | D26: Yaygın | E26: Kutsal_Sifaci | F26: 1 | G26: İnsan görünümlü | H26: Kutsal Rahip | I26: Meslek, unvan veya uzmanlık | J26: İnsan | K26: Kutsal Rahip | L26: Güçlü — isim/hikâye | M26: Görsel: İnsan görünümlü | N26: Kutsal Taht'ın idam ettiği askeri diriltti. Hem cellatlar hem kurtardığı can peşinde; mezardan dönen kişi gerçeği hatırlıyor.
A27: 26 | B27: Evrenin_Korumacisi | C27: Destek | D27: Yaygın | E27: Evrenin_Korumacisi | F27: 1 | G27: İnsan görünümlü | H27: Kozmik Muhafız | I27: Meslek, unvan veya uzmanlık | J27: Astral | K27: Kozmik Muhafız | L27: Güçlü — isim/hikâye | M27: Görsel: İnsan görünümlü | N27: Astral Savunucu'nun zırhındaki yarığı onardı. İçine sığınan kayıp yıldızı korumak için göğün bütün yasalarına karşı durur.
A28: 27 | B28: Yasamin_Bekcisi | C28: Destek | D28: Yaygın | E28: Yasamin_Bekcisi | F28: 1 | G28: Elf görünümlü | H28: Yaşam Muhafızı | I28: Meslek, unvan veya uzmanlık | J28: Elf | K28: Yaşam Muhafızı | L28: Güçlü — görsel | M28: Görsel: Elf görünümlü | N28: Ölümle yaşamın eşiğinde adları kontrol eder. Bir gün listede kendi adını buldu; kalemi kırıp nöbetini bırakmamayı seçti.
